:020000040800F2
:10000000FC4F00201D29000865290008652900080B
:10001000652900086529000865290008000000001E
:10002000000000000000000000000000652900083A
:1000300065290008000000006529000865290008FE
:100040006529000865290008652900086529000858
:100050006529000865290008652900086529000848
:100060006529000865290008652900086529000838
:100070006529000865290008652900086529000828
:100080006529000865290008652900083102000873
:100090003B02000865290008652900086529000859
:1000A00065290008652900086529000865290008F8
:1000B00065290008652900086529000865290008E8
:1000C00065290008652900086529000865290008D8
:1000D00065290008652900086529000865290008C8
:1000E0006529000865290008450200080000000095
:1000F0000000000000000000000000000000000000
:0C01000000000000000000005FF808F1A3
:10010C000A4B1B6803F16043013BB3F5A04F08D2C7
:10011C00064B586800F17843A3F58043B3F5404F84
:10012C0001D30020704700F0010070470040000828
:10013C00054B1B6913F0800F05D0034B034A5A6023
:10014C0002F188325A607047002002402301674553
:10015C00074AD36813F0010FFBD1054BDA68342141
:10016C00D96012F0140F0CBF01200020704700BFA3
:10017C000020024038B504460E4D2B6943F00203B3
:10018C002B6168612B6943F040032B61FFF7E0FFA3
:10019C002B6923F002032B6150B104F580622368B4
:1001AC00B3F1FF3F03D104349442F8D100E00020B6
:1001BC0038BD00BF002002402DE9F04180461746B3
:1001CC00174A136943F0010313614E1C002505E027
:1001DC0038F8053002350236A3421ED1AF421AD987
:1001EC0016F8014C6B1C9F4286BF96F900301B021F
:1001FC006FF0FF031C43A4B228F80540FFF7A8FFDB
:10020C0003460028E4D106490A6922F001020A617A
:10021C001846BDE8F0810123F5E70023F3E700BFA2
:10022C000020024008B5002001F052FF08BD08B5BF
:10023C00002001F04DFF08BD08B5002001F048FF7B
:10024C0008BD322070470000F8B51E4601F500309D
:10025C001030840203EB80201F4B984220D80F46AD
:10026C001546FFF765FF1D4B9C4221D27FB94FF419
:10027C008062FF211A4802F070FB1A4B01221A60AF
:10028C00194B00221A601948FFF774FF60B132460F
:10029C002946134802F08EFB002000F06DFBF8BDE0
:1002AC00082000F069FBFAE7042000F065FBF6E794
:1002BC002046FFF75FFF58B1324629462046FFF72C
:1002CC007BFF00280CBF0720002000F055FBE6E761
:1002DC00042000F051FBE2E7000001080044000894
:1002EC0028000020240000202000002000400008EE
:1002FC0008B5FFF71DFF0F4B1B689BB14FF48062D5
:10030C000D490E48FFF758FF60B10A4B00221A60E6
:10031C00FFF7F6FE50B10A4B01221A60002000F0E4
:10032C002BFB02E0072000F027FB08BD0A2000F0A1
:10033C0023FBFAE7240000202800002000400008DE
:10034C0020000020014B00221A607047240000207E
:10035C00034B1B6813B1034B01221A60704700BF9B
:10036C00200000201C000020034B1B6813B1034B22
:10037C0001221A60704700BF200000201C000020E2
:10038C0070B586B04D4BD3F8FC2F0021C3F8FC1F81
:10039C004B4B9A4221D04B4B9A6942F008029A611E
:1003AC009B6903F008030393039B0491049B632B49
:1003BC0005DC049B01330493049B632BF9DD424B56
:1003CC009968404A936923F00803936111F0040F74
:1003DC0003D1FFF795FE002866D102F0DFF9394B07
:1003EC00DA6942F40002DA61DA6902F4000202927C
:1003FC00029A9A6942F010029A619B6903F0100309
:10040C000193019B314B5968314B93FAA3F3B3FA27
:10041C0083F39B000F2202FA03F321EA03012C4B16
:10042C0093FAA3F3B3FA83F328489B00012202FA50
:10043C0003F30B4343604FF40053436102F0FEF9A6
:10044C00244B1B88ADF8143005A9002000F0BCFA31
:10045C0000264FF0FF35204C3146284601F028F895
:10046C002368002BF8D000230093009A1B4B9A4270
:10047C000DD800264FF0FF351C463146284601F0BA
:10048C0017F8009B01330093009BA342F5D9BFF3EF
:10049C004F8F1349CA6802F4E062124B1343CB60CE
:1004AC00BFF34F8F00BFFDE70F4B0D4A93601A68E7
:1004BC005B6882F308881847FEE700BF0040002005
:1004CC00401007B000100240000C01400010014029
:1004DC0020002004DC2900081C0000207FA9030058
:1004EC0000ED00E00400FA05004000080146027827
:1004FC0062B1DFF81CC001232CF8022FD8B211F81E
:10050C00012F22B10133192BF6D1704710467047D9
:10051C002804002000487047082B0008004870474A
:10052C00EC2A000800487047C82A0008012914D199
:10053C0008B59446137803F06003402B01D00020DB
:10054C0008BD5378012BFAD19388072BF7D1A2233E
:10055C00034A614600F032FFF2E70120704700BF0A
:10056C00242A000808B504283CD8DFE800F0030F63
:10057C00141936001C4B40F209425A8001231A48C8
:10058C0001335B0043F44073038008BD1748FFF749
:10059C00ADFF0346F3E71648FFF7A8FF0346EEE767
:1005AC0011480021DFF84CC0C1F3460303F100539E
:1005BC00A3F5805393F8E83701F0010282F00102B1
:1005CC009200134103F00F031CF8033020F8023F94
:1005DC0001311829E8D11823D1E70748FFF786FF26
:1005EC000346CCE70020D0E728040020E0290008CF
:1005FC00EC290008102A0008002A0008034B0222EC
:10060C009A700022DA701A71704700BF5C080020E3
:10061C0000B583B0DDF810C08DF800308DF801C046
:10062C004FEA1C238DF802304FEA1C4C8DF803C0A6
:10063C008DF8042000238DF8053006236A4600F05F
:10064C00BDFE03B000BD00207047000008B5034B91
:10065C0000221A705A70FFF7D1FF08BD5C08002009
:10066C0008B50020FFF7F2FF08BD0120704700001D
:10067C008B79012B02D1CB79022B01D00020704752
:10068C0010B58C780020034691F807C0BCF1020F1E
:10069C0016D19A4221D991F802C0A44526D191F8DD
:1006AC0003E05FFA80FCE64529D191F800C0634471
:1006BC009BB26144013091F806C0BCF1010FE3D04C
:1006CC004A78212A24D04FF0E023D3F8F03D13F0E0
:1006DC00010F00D000BE002010BD4FF0E023D3F876
:1006EC00F03D13F0010FF6D000BEF4E74FF0E0231D
:1006FC00D3F8F03D13F0010FEDD000BEEBE74FF057
:10070C00E023D3F8F03D13F0010FE4D000BEE2E794
:10071C00093398B28A78084B1A70B1F80530B3F5E2
:10072C00806FD9D94FF0E023D3F8F03D13F0010FCF
:10073C00D2D000BED0E700BF5C08002030B583B03B
:10074C001446137803F01F02012A04D000231C4620
:10075C00204603B030BD054613F060031DD163780D
:10076C000A2B11D00B2BF1D1012902D001231C46ED
:10077C00EEE762887C4B5A70FFF740FF2146284613
:10078C0000F0CCFD0446E3E70129EFD10123774AC1
:10079C00214600F013FE0446DAE7202BD6D163780D
:1007AC00062BD3D8DFE803F0044930780F1820006B
:1007BC00012904D00329D9D1FFF7D6FDD6E721466C
:1007CC0000F0ACFDD2E70129D0D1FFF717FF21468D
:1007DC00284600F0A3FDC9E70129C7D10123644ACB
:1007EC00214600F0EBFDC1E7012906D00329BDD15C
:1007FC005D4B5878FFF7A6FDB8E7FFF7FFFE2146E3
:10080C00284600F08BFDB1E70129AFD1564B1B7880
:10081C0013F0020F9AD0E388B3F5806F96D8554A3F
:10082C00618851484078FFF70EFF0346514A214634
:10083C00284600F0C3FD04468AE7012996D14A4BAD
:10084C001B7813F0010F81D0474B9B78022B02D001
:10085C00052B7FF47BAF2146E388B3F5806F3FF621
:10086C0075AF414B01221A716288DA80E2881A81D5
:10087C00E3884BB13C4A032191703E4A21462846FD
:10088C0000F09CFD044663E7374B06229A7028461D
:10089C0000F044FD04465BE7334B9A78032A0DD0F5
:1008AC00062A37D001297FF461AF002300932E4B29
:1008BC00DB782146FFF7ACFE044649E701290AD054
:1008CC0003297FF453AF284B1B791C46C3B9264B25
:1008DC0005229A704AE7244B1B7953B91846052216
:1008EC000090214BDB7821462846FFF791FE044609
:1008FC002EE704211C4B5878FFF7A3FC0422EFE7EA
:10090C0019480423837003891A4AC1884078FFF779
:10091C009BFC1DE701290AD003297FF427AF124B5A
:10092C001B791C46C3B9104B02229A701EE70E4B62
:10093C001B7953B91846022200900B4BDB782146E9
:10094C002846FFF765FE044602E70721064B587858
:10095C00FFF777FC0722EFE7034B07229A705878D2
:10096C00FFF7C6FCF4E600BF5C0800205D08002021
:10097C005E0800205C0400200E4B00221A71024617
:10098C0090B99B78042B0BD0072B11D1094B1B78FA
:10099C0013F0040F0CBF08220622064B9A70704706
:1009AC00044B03229A707047024B0A219970D8703D
:1009BC00704700BF5C08002070470000014B1860B6
:1009CC00704700BF0000002008B5012807D80B783D
:1009DC002BB10E4A1354012B0BD0012008E04FF021
:1009EC00E023D3F8F03D13F0010F00D000BE00203F
:1009FC0008BD00F099FA0028FAD14FF0E023D3F8A3
:100A0C00F03D13F0010FF3D000BEF1E768080020B1
:100A1C0030B515461C46039BBDF810C09C4463457D
:100A2C0010D3012030BD93F802E00EF00F024FEA14
:100A3C00DE1E01EB420202F80E0093F800E0734454
:100A4C009C45EED993F800E09E44F445E9D393F825
:100A5C0001E0BEF1050FE6D0BEF1040FEDD193F825
:100A6C0003E0BEF1000FE8D193F802E0A64502D2F4
:100A7C0005F80E00E1E74FF0E023D3F8F03D13F05A
:100A8C00010F00D000BE0020CCE703460A4490B210
:100A9C00814202D8B0EB430F02DBA0EB430080B2E3
:100AAC007047002343810381704710B582B0044620
:100ABC007BB193F800C06346624507D3088824F8DD
:100ACC00040B6144D21A92B29A42F7D222B902B004
:100ADC0010BD4FF0020CEEE70023019301A801F0CA
:100AEC0069FFBDF804302380F1E700B583B084467C
:100AFC0008467BB193F800E07346724507D33CF887
:100B0C00041B01807044D21A92B29A42F7D222B9D5
:100B1C0003B000BD4FF0020EEEE7BCF80030ADF8AC
:100B2C00043001A901F046FFF2E72DE9F04F83B044
:100B3C0005460846BDF83060AF88B342A3EB060407
:100B4C00B8BF04EB4704A4B2BCB1A74219D394427A
:100B5C0028BF1446B74203D8F61BB6B2B742FBD92E
:100B6C000D9B002B69D0BB1B9AB22B689919944230
:100B7C000FD80D9B2246FFF798FF204603B0BDE827
:100B8C00F08F9F4294BFDB1BDB199EB26E813C46FB
:100B9C00DDE7E71B37441FFA87FB0D9B1F787B4271
:100BAC00904602EA03060D9B32468A468146FFF7C1
:100BBC007CFF09EB4603994618467A1E43461A40B9
:100BCC0012F0FF0237D0B91A89B2594528BF5946DD
:100BDC00C8B25346334401AF03EB020E3E4613F842
:100BEC0001CB06F801CB7345F9D168B1D5F800C03B
:100BFC000CF1FF33BE180138C0B2604413F8017F0A
:100C0C0006F8017B8342F9D1CEB20D9B324401A987
:100C1C004846FFF74AFF484604305B469B1B9BB295
:100C2C009B46296831445B46002BA6D00D9B5A4647
:100C3C00FFF73BFFA1E72968F5E7BB1B9BB22968CF
:100C4C0031449C4203D8224601F0B4FE95E7994604
:100C5C001A46804601F0AEFEE71BF21992B22968E3
:100C6C004046484401F0A6FE87E730B583B0044601
:100C7C009E460389B0F80AC0CDF804E0CDF800C058
:100C8C00FFF753FF054602466189A088FFF7FDFE7A
:100C9C006081284603B030BD2DE9F04F87B000933A
:100CAC001746002A00F0CA8005468B46B0F808802B
:100CBC0041898379002B31D183888845AEBFA8EB5D
:100CCC000101C1EB4301414489B28B4240F2BA802D
:100CDC005B1A9BB2934228BF13469FB2AE8846451F
:100CEC003FD84446A41BA4B2A642FBD9009A002AC2
:100CFC0000F08B80331B98B22B6819190191B84204
:100D0C0031D313463A465846FFF7EFFE3A46414672
:100D1C00A888FFF7BAFE2881384690E08088904278
:100D2C000DD8171A5B465F44009A002A08BF3B4651
:100D3C009B46002800F0838088460746CEE788450E
:100D4C00AEBFA8EB0103C1EB400343449BB2134479
:100D5C00B3EB400FC2DB821A92B2FFF796FE8046CD
:100D6C00BCE74446C2E7BE1B2644B6B200990C78D9
:100D7C006342824600EA0309CDF80C900B464A46C2
:100D8C0001995846FFF7B1FE0BEB49039C461846F8
:100D9C00631E5246134013F0FF03029307D12968D8
:100DAC00002EB3D0009B3246FFF79FFEAEE71A46EB
:100DBC00E31A9BB2B34228BF3346DCB2A246009B77
:100DCC00224405A9E146FFF790FE4846043005A9E8
:100DDC00019BDDF80CC06344029A8A1811F801CB10
:100DEC0003F801CB9142F9D14CB1002312F801CB9D
:100DFC00296801F803C00133D9B28C42F6D85246A7
:100E0C00B31A9EB229685144CAE7331B9BB22868B7
:100E1C002044BB4204D33A46594601F0CBFD75E75A
:100E2C009A461A46594601F0C5FDBE1BA21992B24C
:100E3C0059465144286801F0BDFD67E7104607B0DC
:100E4C00BDE8F08F0020FAE708B54B6902490B6149
:100E5C000121984708BD00BF7C090020F8B5204B44
:100E6C001B78FF2B22D0054600241E4F1C4E0BE096
:100E7C0013D11D4BDB6828469847337801345A1C34
:100E8C00D2B2E1B28A4211D9E2B29A42F0D204EB68
:100E9C00C4023B6813EB8203ECD14FF0E023D3F890
:100EAC00F03D13F0010F00D000BEF8BD0F4C4C22EA
:100EBC000021204601F051FD4FF0FF33C4F81B30E8
:100ECC00C4F81F30C4F82330C4F82730C4F82B30D2
:100EDC00C4F82F30C4F83330C4F83730E5E700BF1E
:100EEC0030090020340900201C2B00087C0900204C
:100EFC0008B520B1044B187801F0A6FB08BD024BD5
:100F0C00187801F0AFFBF9E7180000207047704724
:100F1C00002070470020704770477047704770473B
:100F2C000346002018707047F8B5364B1B78FF2B22
:100F3C0065D106460F46D1B14C220021324801F052
:100F4C000CFD324B00221A70314C2046FFF7A9FDE4
:100F5C00083C304B1C60304C2046FFF7E1FF2F4B18
:100F6C0018602378FF2B0BD000252C461DE04FF08A
:100F7C00E023D3F8F03D13F0010F28D000BE26E09B
:100F8C004FF0E023D3F8F03D13F0010F1FD000BE5B
:100F9C001DE014D1224B98471F4B1B78013424358C
:100FAC005A1CD2B2E1B28A4214D9E2B29A42F0D2BD
:100FBC001A4B1B685B1902D05B68002BEBD14FF00E
:100FCC00E023D3F8F03D13F0010F00D000BE002455
:100FDC002046F8BD0B4B1E703946304601F04AF8DE
:100FEC00044640B94FF0E023D3F8F03D13F0010F65
:100FFC00EED000BEECE7304601F026FBE8E701241A
:10100C00E6E700BF180000207C09002078090020CA
:10101C000C0000206C08002030090020340900204E
:10102C006D060008F0B585B004460F464378023BC8
:10103C00052B14D8DFE813F00D00060033003C003C
:10104C00C100C6008D4B1A78FF2A51D000258B4E5B
:10105C0043E08B4B00221A755A751A769A75894B98
:10106C001E68002F40F0EF80336800209847002363
:10107C00B288214606F10800FFF70EFE05463368DC
:10108C0001209847002D40F0D7804FF0E023D3F893
:10109C00F03D13F0010F00F0D48000BED1E0784B8E
:1010AC001B7D002B00F0CD80754B01229A75D6E785
:1010BC00734B1B7D002B00F0C480714B00229A7582
:1010CC00CDE7136A13B161682078984732780135FF
:1010DC00531CDBB2E9B28B420AD9EBB29342F5D284
:1010EC0005EBC503684A126812EB8302E9D1EDE700
:1010FC00634B9B7D002B2FD00023614A937501938A
:10110C000293039323788DF8043005238DF8053072
:10111C005C4B1E68002F40F0A88033680020984775
:10112C000023B28801A906F10800FFF7B5FD0546BA
:10113C0033680120984745B94FF0E023D3F8F03DD0
:10114C0013F0010F08D000BE06E03A469DF80510DA
:10115C009DF80400FFF7DAFE494B9B7E13F0010F5C
:10116C006FD023788DF8043003238DF80530636835
:10117C000293444B1D68002F6ED12B6800209847BA
:10118C000023AA8801A905F10800FFF785FD044694
:10119C002B680120984744B94FF0E023D3F8F03D79
:1011AC0013F0010F4DD000BE4BE03A469DF80510F0
:1011BC009DF80400FFF7AAFE43E0344A137801338C
:1011CC0013704CE7017911F00F053FF448AFCE09CD
:1011DC002B4B03EB450303EBD11393F82B30274A2E
:1011EC0012789A427FF63BAF03EBC303264A126890
:1011FC0012EB83023FF433AFD369002B3FF42FAFD4
:10120C001F4B03EB4503334493F83B0000F0FA000B
:10121C0083F83B00D3699C46A36862792078E04749
:10122C0078B9174B03EB4503334493F83B2042F05A
:10123C00050283F83B2012E73A4661782078FFF7E5
:10124C0065FE05B0F0BD0023B288214606F108000A
:10125C00FFF722FD054615E70023AA8801A905F131
:10126C000800FFF719FD044695E70023B28801A991
:10127C0006F10800FFF710FD05465CE73009002079
:10128C007C0900206C08002034090020780900201B
:10129C0030B583B001F00F04C80905461D4800EBBA
:1012AC00440000EBD11090F83B0010F0010F0AD075
:1012BC004FF0E023D3F8F03D13F0010F00D000BE47
:1012CC00002003B030BD134800EB4400284490F8D4
:1012DC003BC04CF0010C80F83BC09DF8180000900E
:1012EC000D48007801F0F0F80028EAD1094B03EB27
:1012FC0044032B4493F83B2002F0FA0283F83B2082
:10130C004FF0E023D3F8F03D13F0010FD9D000BE1D
:10131C00D7E700BF7C0900201800002000B583B07F
:10132C00084BDB8863B1074B197881F0FF0101F0A2
:10133C008001002200921346FFF7AAFF03B000BD04
:10134C008021F6E77C09002030B583B00546194BA7
:10135C009989DA898C1AA4B2402C28BF402493F9BD
:10136C000030002B0CDB914221D0002112480023CD
:10137C000093234602462846FFF78AFF03B030BD90
:10138C0091420FD00B4B98680B4B98420DD034B157
:10139C000028F3D022460146074801F00BFB8021C0
:1013AC000548E4E780210020E1E78021DFE7002108
:1013BC000846DCE77C0900203809002000B583B022
:1013CC001B498A60B1F806C0634528BF63468B8110
:1013DC00BCF1000F19D003B122B1FFF7B5FF58B122
:1013EC0003B000BD4FF0E023D3F8F03D13F0010F34
:1013FC0000D000BE0020F3E74FF0E023D3F8F03D1F
:10140C0013F0010FECD000BEEAE76246CDF800C045
:10141C0063468021FFF73CFF0028E1D14FF0E02329
:10142C00D3F8F03D13F0010FDAD000BED8E700BFBF
:10143C007C09002010B50C46084B187801F06CF8AC
:10144C0004F00F02064B03EB420303EBD41191F8AB
:10145C003B3043F0030381F83B3010BD18000020F3
:10146C007C09002010B50C46084B187801F09EF84A
:10147C0004F00F02064B03EB420303EBD41191F87B
:10148C003B3003F0FC0381F83B3010BD180000200A
:10149C007C09002001F00F02044B03EB420303EB29
:1014AC00D11191F83B00C0F3400070477C0900203B
:1014BC00AE4B1B78FF2B00F02C842DE9F04F8BB03A
:1014CC001024AB4E0025AB4F09E09DF81C00FFF734
:1014DC00C5FC9DF820307B76013C00F0E383D6F808
:1014EC000080D8F80030284698472B46B8F80420DE
:1014FC0007A908F10800FFF7B8FB8146D8F80030BF
:10150C0001209847B9F1000F00F0CC839DF81D30F5
:10151C00013B072B00F2ED8301A252F823F000BF30
:10152C00D71400084D150008EB1C0008B71C000868
:10153C00CD1C00085B150008251B0008DB1C0008EF
:10154C009DF81C00FFF78AFCFFF7E6FCC4E78A4B0A
:10155C001B78002BC0D0884B1A78013A1A701B7874
:10156C00002BB9D1834B01221A75002283F83B2042
:10157C0083F83C209DF81C900AA911E9030083E82C
:10158C0003009A60DA819A811A611B7803F0600378
:10159C00602B21D0402B32D0764A127802F01F02F9
:1015AC00012A00F0EE81022A00F02A82002A40F083
:1015BC00A782202B2ED06F4B5B78092B00F2D781A2
:1015CC00DFE813F0CA01BC01D501AE01D50144001E
:1015DC003E01D5014F005A004FF0E023D3F8F03D07
:1015EC0013F0010F00D000BE00219DF81C0000F08C
:1015FC0093FF80219DF81C0000F08EFF6CE75D4A84
:10160C005E4B136101214846FEF790FF00287FF4E2
:10161C0063AFE9E7574B9B88DAB20F2AE4D813463D
:10162C00544A1344DB7E564A1278934207D203EB9A
:10163C00C303544A116811EB830102D1D4E7D3D10F
:10164C0051494C4A4846FFF7FFFBDFE7DFF824819E
:10165C0098F80210484600F055FF012388F8153021
:10166C003AE744490B7E8DF81A3001230DF11A022A
:10167C004846FFF7A3FE2FE73E4B93F802801B7EF4
:10168C00984508D063B93B4B83F81880B8F1000F2C
:10169C0018D1FFF741FC37494846FFF73FFE1BE7DF
:1016AC000021484600F000FD484600F0EFFFDFF84F
:1016BC00C4A09AF819309B464846FFF7CFFB8AF82E
:1016CC0019B0E0E708F1FF30C0B2FEF727FF034680
:1016DC0010B14278022A14D04FF0E023D3F8F03D39
:1016EC0013F0010F00D000BE224B00221A764FF0EF
:1016FC00E023D3F8F03D13F0010F3FF475AF00BEBB
:10170C0072E71C49C2799211C87D62F30000C8755A
:10171C0003F109015A8813440493CDF81490A3469D
:10172C000C46049BA34240F2858094F80080A044B0
:10173C0043457FD363780B2B6FD0042B06D1049BCE
:10174C001B1B9BB29A460023039338E05C464FF078
:10175C00E023D3F8F03D13F0010FC5D000BEC3E772
:10176C005C4614E012D1084B3CE000BF180000208E
:10177C006C0800207C09002078090020390500083D
:10178C0030090020340900201C2B00085C464FF067
:10179C00E023D3F8F03D13F0010FA5D000BEA3E772
:1017AC005C464FF0E023D3F8F03D13F0010F9BD0D3
:1017BC0000BE99E75C4633E0039B013303939DF82D
:1017CC000C90A34B1A78531CDBB24B4527D94A45D6
:1017DC00C8D99DF80C209F4B1B68242101FB0233B8
:1017EC00002BBDD01B695246214605989847804670
:1017FC000828E1D98245DFD3974A01900094102341
:10180C00D1184846FFF704F90028C9D0A044904BE2
:10181C001B780133DBB24B45CCD9444681E75C469F
:10182C004FF0E023D3F8F03D13F0010F3FF45CAF21
:10183C0000BE59E7DDF814905C46FEF789FD2AE7F7
:10184C00864B5888030AC0B25A1E0E2A00F26281D7
:10185C00DFE812F00F002F004C00600160015A000D
:10186C002F00600160016001600160016001600196
:10187C002300FEF74FFE024628B112237749484653
:10188C00FFF79CFDC2E64FF0E023D3F8F03D13F0D8
:10189C00010F3FF4A9AE00BEA6E6FEF743FE0246DA
:1018AC0000283FF4A1AE43886C494846FFF786FDFB
:1018BC00ACE6022B0BD0FFF72DFB024600283FF4C1
:1018CC0093AE538865494846FFF778FD9EE6FEF7D0
:1018DC0025FE02460028F4D14FF0E023D3F8F03D6A
:1018EC0013F0010F3FF480AE00BE7DE65B4B998890
:1018FC00FEF738FE024600283FF476AE03785749CF
:10190C004846FFF75BFD81E6FFF702FB0246002825
:10191C003FF46AAE037851494846FFF74FFD75E630
:10192C004E4B5B88012B7FF45FAE4C49CB7D43F073
:10193C000203CB754846FFF7F1FCCDE5474B5B88BE
:10194C00012B7FF451AE4549CB7D23F00203CB75BF
:10195C004846FFF7E3FCBFE54049CB7DADF81A30B4
:10196C0002230DF11A024846FFF728FDB4E54FF0AB
:10197C00E023D3F8F03D13F0010F3FF435AE00BE79
:10198C0032E6364B9B88DAB20F2A3FF62DAE134661
:10199C00324A1344DB7E2E4A1278934221D203EB57
:1019AC00C3032C4A116811EB83013FF41DAE2B4A83
:1019BC004846FFF749FA00287FF48EAD274B1B7879
:1019CC0013F0600F7FF410AE244B18615B780A2B78
:1019DC000BD00B2B7FF408AE20494846FFF79EFC3A
:1019EC007AE57FF401AE1E49E1E700238DF81A3049
:1019FC0001230DF11A0219494846FFF7DFFC6BE58C
:101A0C00164A117911F0080F18D101F00F00134A82
:101A1C0002EB400202EBD11292F82B200C4800781A
:101A2C0082421FD202EBC2020A48006800EB820815
:101A3C00EBB1B8F1000F3FF4D7AD2EE04FF0E0233F
:101A4C00D3F8F03D13F0010F3FF4CEAD00BECBE563
:101A5C003009002034090020970900207C0900205F
:101A6C001C2B000840F05081ABB9DFF8A882AA4BC0
:101A7C005B7803F0FD02012A15D0BBBB4846FFF78B
:101A8C0009FDADF81A0002230DF11A02A2494846CD
:101A9C00FFF794FC20E5DFF87C829F4A41464846DC
:101AAC00FFF7D2F9B2E59C4A528822B9012B19D022
:101ABC004846FFF7BFFCB8F1000F3FF40DAD964A56
:101ACC0041464846FFF7C0F90023934A136192F848
:101ADC003C3013F0010F7FF4FFAC11464846FFF782
:101AEC001DFCF9E44846FFF7BDFCE4E74FF0E023AA
:101AFC00D3F8F03D13F0010F3FF476AD00BE73E563
:101B0C004FF0E023D3F8F03D13F0010F3FF46CAD30
:101B1C0000BE69E5002079E59DF8201001F00F006A
:101B2C004FEAD11C07EB400303EBD11393F83B2096
:101B3C0002F0FA0283F83B20D8B1774B03EB400359
:101B4C00634493F82B30754A1278934280F09F804F
:101B5C0003EBC303724A126812EB830300F09A8002
:101B6C00D3F81880099B9DF821209DF81C00C047D4
:101B7C00B2E49DF81C309A46DDF82490664BDB8865
:101B8C00002B4BD0644B93F8008088F0FF0808F0D2
:101B9C008008414545D0604B93F90030002B12DB97
:101BAC005D4B986800283FF497AC1A469B89D28904
:101BBC009B1A994528BF99465A4B984203D04A46DE
:101BCC00194600F0F7FE544AD3894B449BB2D3819B
:101BDC00916849449160D2889A4202D0B9F13F0F82
:101BEC0045D84D4B1B692BB14B4A022150469847A7
:101BFC00002833D000220092134641465046FFF78E
:101C0C0047FB00287FF468AC4FF0E023D3F8F03D9D
:101C1C0013F0010F3FF460AC00BE5DE44FF08008A0
:101C2C00B7E7B9F1000F09D04FF0E023D3F8F03D3E
:101C3C0013F0010F3FF450AC00BE4DE4DFF8D88038
:101C4C004146504600F02EFCD8F81030002B3FF4E3
:101C5C0043AC42460321504698473DE4014650466A
:101C6C0000F05AFC8021504600F056FC34E45046FB
:101C7C00FFF76AFB00287FF42FAC4FF0E023D3F87A
:101C8C00F03D13F0010F3FF427AC00BE24E401D16A
:101C9C00204B65E74FF0E023D3F8F03D13F0010F34
:101CAC0000D000BE0BB0BDE8F08F3B7D002B3FF4A5
:101CBC0013AC194BD87DC0F34000FFF72EF90BE4A1
:101CCC003B7D002B3FF408ACFFF728F904E4089B9C
:101CDC00002B3FF401AC09989847FFF7FDBBBB7E86
:101CEC0013F0010F3FF4F8AB0898FFF710F9FFF76A
:101CFC00F3BB4FF0E023D3F8F03D13F0010F3FF4AA
:101D0C00EBAB00BEFFF7E8BB002B7FF46DAC984645
:101D1C00ADE670471C2B00087C0900203009002020
:101D2C0034090020380900202DE9F04100F00F069D
:101D3C004FEAD01E00230EF1020C214CA444651C6A
:101D4C008EF0010711E0984601291CD014F82320CD
:101D5C00FF2A01D0B24205D115F82320FF2A19D051
:101D6C008A4217D00133082B1ED0D8B21CF823207E
:101D7C00002AE8D015F823208A42F3D114F8232046
:101D8C00B242EFD119E004EB83023A449278002A74
:101D9C00E8D1DBE70A4B03F8286003EB88035970A2
:101DAC00734401229A7008E04FF0E023D3F8F03D21
:101DBC0013F0010F00D000BE0020BDE8F08100BF81
:101DCC00CC09002010B582B00C460DF106020DF1C5
:101DDC00070100F0ADFC03460F4A1088C1188AB207
:101DEC0040EA0141002C18BF084613449BB2002C5A
:101DFC0018BF1A46084B1A80B2F5007F01D802B002
:101E0C0010BD4FF0E023D3F8F03D13F0010F00D0DC
:101E1C0000BE4FF6FF70F2E7C809002070B5204BEA
:101E2C000022A3F84C201F4B03F12000FF21197056
:101E3C0059709A70DA7004338342F8D140241A4BEB
:101E4C001C8000210846FFF76FFF00218020FFF760
:101E5C006BFF164B9C8100259D739C839D772946B7
:101E6C002046FFF7AFFF86B229462046FFF7AAFFB0
:101E7C000F4B1E8118800A4E3488082201212846F7
:101E8C0000F06AFC24F40F4323F08F0383F408530F
:101E9C0083F0200333808023A6F84C3070BD00BF44
:101EAC00005C0040CC090020C8090020EC0900208F
:101EBC00006000402DE9F04383B007460E46B0F8B1
:101ECC000AE00589A5EB0E05ADB283899D4228BFBA
:101EDC001D46354B33F8218048F4004444F080040F
:101EEC0008F4C068B8F5806F0CBFC4F380130023EE
:101EFC00994603EB41032D4A32F833C04FEA4C0CA0
:101F0C000CF1804C0CF5C04C4068002844D06B465A
:101F1C0000220092019202228DF800202A4661468E
:101F2C00FEF7A3FE7B892B447B8109EB4603DB0088
:101F3C0003F1804303F5C0439A8802F47C42C5F355
:101F4C00090515439D8084F03004B8F5806F04BFFB
:101F5C000123FB7324F4E04424F04004A4B2144B9A
:101F6C004FF40021C3F88010BFF34F8FBFF36F8F76
:101F7C004FF48012C3F88020BFF34F8FBFF36F8FE5
:101F8C00094820F82640BFF34F8FBFF36F8F1960BD
:101F9C001A6003B0BDE8F083396803462A467144E1
:101FAC006046FEF782FDBDE7005C0040006000402B
:101FBC0000E100E070B50B4602EB4100294901EB52
:101FCC0000118D7B012A3BD0274931F8251021F4D3
:101FDC00804424F0700444F4004444F0800402EB88
:101FEC004302204B03EB02131A899B899A4228BFA8
:101FFC001A4601F4C061B1F5806F28D00121284642
:10200C0000F0AAFB84F44054184B4FF40021C3F8A1
:10201C008010BFF34F8FBFF36F8F4FF48012C3F854
:10202C008020BFF34F8FBFF36F8F0F4820F82540F0
:10203C00BFF34F8FBFF36F8F19601A60012070BD13
:10204C0029460B4800EB4310FFF734FFF6E7164622
:10205C000021284600F080FB32460121284600F082
:10206C007BFBCFE7EC090020005C004000E100E0C6
:10207C00FC09002010B5044600F02EFB094B002291
:10208C00A3F84020A3F85020B3F8402042F45D425E
:10209C00A3F840202046FFF7C1FE2046FEF73FFF85
:1020AC00012010BD005C004039B1084AB2F8403044
:1020BC0043F40073A2F840307047044AB2F8403041
:1020CC0023F40073A2F84030704700BF005C00405E
:1020DC002DE9F04F89B00446B94BB3F844A01AF47B
:1020EC00007F04D0B3F8403013F4007F12D11AF4FF
:1020FC00806F24D11AF4805F35D11AF4006F4ED161
:10210C001AF4807F76D0AF4B1B78012B63D0002B59
:10211C006BD067E0AA4B4FF6FF52A3F84420B3F8FC
:10212C00483000228DF8142003228DF81520C3F3BB
:10213C000A030693012105A8FEF774FFD7E7A04B0D
:10214C004FF6FF32A3F844202046FFF767FE00232A
:10215C008DF8143001218DF815108DF8183005A864
:10216C00FEF760FF94E1964BB3F8402022F0040296
:10217C00A3F84020B3F8402022F00802A3F8402036
:10218C004EF6FF72A3F8442000238DF8143005237B
:10219C008DF81530012105A8FEF744FFADE7884BFB
:1021AC00B3F8402042F00802A3F84020B3F84020D6
:1021BC0042F00402A3F840204FF2FF72A3F844202F
:1021CC0000238DF8143004238DF81530012105A857
:1021DC00FEF728FF94E77A49B1F8402022F010026C
:1021EC00A1F84020013B774A1370754B4FF6FF6204
:1021FC00A3F84420724FDFF8D0B1CDF804A019E059
:10220C0000238DF8143006238DF8153003AB93E8BA
:10221C00030008AB03E90300012105A8FEF702FF48
:10222C0004E008220121002000F096FA16F0800F3D
:10223C0040F0CE80B7F94430002B80F21781B7F80C
:10224C00445005F00F05AC0004F1804404F5B8448B
:10225C00268816F4004FE9D016F4006F25D05B4B9E
:10226C0003EB0513B3F80C80C8F309081889400078
:10227C000023424603A900F1804000F5C040FEF760
:10228C0034FC238823F070031B051B0D43F08003E3
:10229C002380B8F1080FB3D04FF0E023D3F8F03D12
:1022AC0013F0010FBDD000BEBBE7238823F07003F1
:1022BC001B051B0D43F080032380B4F8009009F03C
:1022CC000F0A09F4C0630093B3F5806F06BF89F45D
:1022DC008043C3F38033012303EB45033B4901EBFC
:1022EC00C302B2F80480C8F3090831F833C04FEACE
:1022FC004C0C0CF1804C0CF5C04C0BEB4A13586891
:10230C00A8B305AB002205925A6002228DF8142066
:10231C0042466146FEF7C0FC0BEB4A12538943441C
:10232C009BB253819289904504D30BEB4A110989D6
:10233C008B422AD30121284600F00EFA0BEB4A19E6
:10234C00B9F80A304FF000088DF8148007228DF888
:10235C0015208DF818A007938DF81980012105A878
:10236C00FEF760FEA9F80A80A9F808805EE74FEA3C
:10237C004A130BEB4A1251895BF8030000234246C7
:10238C0001446046FEF7B1FBC6E70098B0F5806FDC
:10239C000CD129F4804929F0700949F4004949F01D
:1023AC00800989F44059A4F800903FE7C91A89B212
:1023BC008A4228BF0A460121284600F0CDF9E8E7F9
:1023CC00005C0040CA090020EC09002000600040BD
:1023DC00238823F4E14323F070036FEA43436FEA4D
:1023EC0053432380238803F00F0203F4C061B1F53B
:1023FC00806F0DD0284B03EB4213598B1B8B8B42F8
:10240C0022D02946254800EB4210FFF753FD11E777
:10241C00214901EB4211C97F00293FF40BAF1E4942
:10242C0001EB42110020C877C3F3801383F0010342
:10243C0003EB4503DB0003F1804303F5C0439988AC
:10244C0001F47C419980D5E700238DF814300720E6
:10245C008DF8150062F07F028DF8182007918DF829
:10246C001930012105A8FEF7DDFDE3E6DDF804A037
:10247C001AF4804F0CD04FF0E023D3F8F03D13F05A
:10248C00010F00D000BE064B4BF6FF72A3F84420A0
:10249C0009B0BDE8F08F00BFEC090020FC0900205A
:1024AC00005C00400B7813F07F0F00D070474B7826
:1024BC00052BFBD14B8863F07F03DBB2014AA2F8FA
:1024CC004C30F3E7005C004038B58E461D4601F0F9
:1024DC000F010B4B4FEA410C0CEBDE1C4FEA0C14BA
:1024EC0003EB0C1C1A510022CCF80420ACF8085059
:1024FC00ACF80A204FEADE12FFF75CFD38BD00BFD6
:10250C00EC09002000B583B0002200921346802114
:10251C00FFF7DAFF03B000BD10B501F00F035B004D
:10252C0003EBD1131E4A02EB031393F80EC01D4BA1
:10253C0033F82C30C90928D123F4804323F07003DD
:10254C0043F4004343F080030C221446164A4FF424
:10255C00002EC2F880E0BFF34F8FBFF36F8F4FF4A4
:10256C008010C2F88000BFF34F8FBFF36F8F012133
:10257C00A1404B400B4921F82C30BFF34F8FBFF3D8
:10258C006F8FC2F800E0106010BD23F4E04323F01D
:10259C00400343F4004343F0800304221446D5E780
:1025AC00EC090020005C004000E100E000B501F007
:1025BC000F035B0003EBD113204A02EB0313987B50
:1025CC001F4B33F82020C9092BD122F0700343F4A0
:1025DC00004343F0800302F4C062B2F5806F03D075
:1025EC000C2102228A405340164A4FF4002CC2F8A8
:1025FC0080C0BFF34F8FBFF36F8F4FF48011C2F8C1
:10260C008010BFF34F8FBFF36F8FDFF834E02EF8DD
:10261C002030BFF34F8FBFF36F8FC2F800C0116033
:10262C0000BD22F4E04343F4004343F0800302F482
:10263C00C062B2F5806FD7D00421D2E7EC0900203C
:10264C00005C004000E100E0BFF34F8FBFF36F8FE1
:10265C00034B4FF400221A604FF480121A6070473B
:10266C0000E100E0084B4FF40022C3F88020BFF3D8
:10267C004F8FBFF36F8F4FF48012C3F88020BFF3DE
:10268C004F8FBFF36F8F704700E100E010B5044629
:10269C00FFF7E8FF0D4B01220D484FF0000C4FF0F7
:1026AC00000EFF2120F822C01971597183F806E041
:1026BC0083F807C001320433082AF3D12046FFF710
:1026CC00C3FF044BC0221A8010BD00BFCC090020F0
:1026DC00005C0040C809002082B0144B0322A3F810
:1026EC00402000230093009BC72B06D800BF009B03
:1026FC0001330093009BC72BF8D90C4AB2F8403039
:10270C0023F00203A2F8403000230193019BC72B56
:10271C0006D800BF019B01330193019BC72BF8D94D
:10272C00024B0022A3F8442002B07047005C00402A
:10273C003E280BD91F3040094FF0010C2023C0B2AA
:10274C0081F800C0107003FB00F0704701304008A6
:10275C004FF0000C0223F2E730B583B005460C466F
:10276C0010460DF106020DF10701FFF7E1FF9DF890
:10277C0007309DF80620D21ADB0343EA82239BB272
:10278C00002B08BF4FF4004304EB4501C90001F1D5
:10279C00804101F5C0418B8003B030BD08B5244A9F
:1027AC00136823F0070343F001031360136843F02D
:1027BC0010031360A2F58052136843F48033136046
:1027CC00136813F4003FFBD01A4A536823F47C13AC
:1027DC0043F488135360136843F0807313601368D9
:1027EC0013F0007FFBD0134B5A6822F0F0025A60B2
:1027FC005A6822F4E06242F480625A605A6822F409
:10280C0060525A605A6822F0030242F002025A6087
:10281C001A46536803F00C03082BFAD1054A536887
:10282C0043F4800353600448FEF7C8F808BD00BFAA
:10283C000020024000100240006CDC0282B02E4BE3
:10284C009A6942F004029A619B6903F004030193B4
:10285C00019B2A4BD3F80418294B93FAA3F3B3FA30
:10286C0083F39B000F2202FA03F321EA0301244AAB
:10287C0092FAA2F2B2FA82F29200012393400B4335
:10288C001F4A92FAA2F2B2FA82F29200042101FAE1
:10289C0002F223EA0203194AC2F80438194B4FF426
:1028AC0080525A6100230093009A174B9A4206D823
:1028BC001A46009B01330093009B9342F9D90F4BAE
:1028CC00D3F804180E4B93FAA3F3B3FA83F39B00DB
:1028DC000F2202FA03F321EA0301094B93FAA3F343
:1028EC00B3FA83F39B00042202FA03F30B43034A6B
:1028FC00C2F8043802B070470010024000000140DA
:10290C001000100400080140BFD401007047000003
:10291C00FEF752F80B480C490C4A002302E0D4583D
:10292C00C4500433C4188C42F9D3094A094C00230F
:10293C0001E013600432A242FBD300F017F8FDF75C
:10294C001FFD7047000000201C000020402B0008D9
:10295C001C000020EC0A0020FEE7034602449342D0
:10296C0000D1704703F8011BF9E7000070B5002691
:10297C000C4C0D4B1D1BB6EBA50F09D10026FFF718
:10298C00C5FF0A4C0A4B1D1BB6EBA50F05D170BD3C
:10299C0054F8043B98470136EDE754F8043B98474C
:1029AC000136F1E7402B0008402B0008402B0008B3
:1029BC00402B00080A44914200F1FF3300D17047CC
:1029CC0010B511F8014B914203F8014FF9D110BD2C
:1029DC0001AA0000545853554954452E4F524700F4
:1029EC0062646D746F7920626F6F746C6F61646573
:1029FC007200000062646D746F79206669726D7785
:102A0C0061726500303132333435363738394142F2
:102A1C0043444546000000000A0000000000030685
:102A2C00A2001400030057494E5553420000000009
:102A3C000000000000008400040007002A0044008D
:102A4C006500760069006300650049006E00740043
:102A5C006500720066006100630065004700550068
:102A6C00490044007300000050007B00300042001D
:102A7C003200370041004600380042002D00310082
:102A8C004300390039002D00340035003600410078
:102A9C002D0042003500430041002D00320035006E
:102AAC004400370045003800300037004200440035
:102ABC00410035007D00000000000000050F2100E2
:102ACC00011C100500DF60DDD88945C74C9CD26520
:102ADC009D9E648A9F00000306A200010000000076
:102AEC0009021B00010100C0320904000000FE01B4
:102AFC000204092105E8030004100100120101027F
:102B0C0000000040FFFF080100010102030100006A
:102B1C00000000006D060008770600085906000842
:102B2C007D060008490700080000000000000000B6
:042B3C000000000095
:102B400000127A00FD0E00080C0000007008002042
:0C2B5000C000000000000000FF000000BA
:020000040800F2
:10400000FC4F002001B0000849B0000849B000088A
:1040100049B0000849B0000849B00008000000009D
:1040200000000000000000000000000049B000088F
:1040300049B000080000000049B0000849B000087D
:1040400049B0000849B0000849B0000849B000086C
:1040500049B0000849B0000849B0000849B000085C
:1040600049B0000849B0000849B0000849B000084C
:1040700049B0000849B0000849B0000849B000083C
:1040800049B0000849B0000849B00008694200087A
:104090007342000849B0000849B0000849B0000860
:1040A00049B0000849B0000849B0000849B000080C
:1040B000C147000849B0000849B0000849B00008ED
:1040C00049B0000849B0000849B0000849B00008EC
:1040D00049B0000849B0000849B0000849B00008DC
:1040E00049B0000849B000087D4200080000000007
:1040F00000000000000000000000000000000000C0
:0C41000000000000000000005FF808F163
:1042000070B5002481264FF0FF3503E02146284693
:1042100005F00CFC05F0A6F858B1204600F0B6FBFE
:10422000B0F5046FF2D13146204605F0B3FB00280B
:10423000ECD170BD00B54FEA116C91FAA1F3B3FA5D
:1042400083F39B004FF00F0E0EFA03F350F80CE0CF
:104250002EEA030391FAA1F1B1FA81F189008A40B3
:104260001A4340F80C2000BD08B5002006F0EEF916
:1042700008BD08B5002006F0E9F908BD08B5002022
:1042800006F0E4F908BD2DE9F041064605886D0009
:10429000FFF7B6FFBDB100274FF0FF3804E026441A
:1042A0003946404605F0C2FB05F05CF858B12A4695
:1042B0003146384600F05EFB04462D1A384600F0C1
:1042C0006FFB002DEBD10020BDE8F0810023024AF6
:1042D0001360024A13607047200000202400002071
:1042E0000023024A1360024A136070472000002036
:1042F0002400002038B500214FF0FF3005F096FB78
:10430000254B1C681CB1244B1C68204638BD204638
:1043100000F004FB0028F6D0204B1868012823D9B0
:104320001F4B1B681D4643B91E4B1B885B001C4A74
:104330001360083BB3F5FF6F24D8194D2A68121A91
:1043400018490144002000F0FDFA144B1A6810448B
:1043500018602B689842D8D30F4A136000232B6053
:104360000E490B601468D0E7C0F102020D49014408
:10437000002000F0E7FA094B1A6810441860012881
:10438000C3D9CDE7002000F0E7FA0023044A136008
:10439000024A13602C46B8E7701000202400002069
:1043A0002000002030080020014B00221A607047D6
:1043B00070100020014B01221A6070472800002075
:1043C0002DE9F04196B00646016800244E4A204689
:1043D000013422FA04F3994280F09380072CF6D13D
:1043E0004A4D2B6943F480432B612B6923F48043AE
:1043F0002B610DF13008404604F06FFA00270C974E
:104400004FF482730D934FF4007311933389B3FA11
:1044100083F35B09DB0113937389DB1B18BF012353
:10442000DB020E93B388DB1B18BF01235B000F93E5
:10443000F388DB1B18BF01231093354B53F824304E
:1044400012931497334C4146204604F018FA23681F
:1044500043F040032360636823F0010363606368F3
:1044600023F0020363606B6943F001036B616B69C6
:1044700003F001030193019B02AE304604F056FBAA
:10448000254B02930A970697802307934FF4807376
:1044900008934FF480630993059704974FF40057EE
:1044A0000B97A5F580550421284604F091FA324671
:1044B0000421284604F010FB102304934FF44053CA
:1044C0000B930521284604F083FA3246052128463D
:1044D00004F002FB6B6C23F001036B64AB6D23F003
:1044E0000103AB656F604FF400336B60636843F0AA
:1044F00001036360636843F00203636016B0BDE8C4
:10450000F08104466CE700BF00366E0100100240E7
:10451000A8B60008003800400C38004070B58CB0D8
:10452000624B634A9A6006F097FC624B9A6945F2C7
:104530001D010A439A619A690A400192019ADA6957
:104540005D490A43DA61DA690A400292029A5A69BD
:1045500042F001025A615B6903F001030393039B7C
:10456000564C042240F608012046FFF763FE09225C
:1045700040F204412046FFF75DFE514BD3F800188E
:1045800040F2044393FAA3F3B3FA83F39B000322AC
:1045900002FA03F321EA030140F2044292FAA2F282
:1045A000B2FA82F29200032393400B4340F204429A
:1045B00092FAA2F2B2FA82F29200042101FA02F215
:1045C00023EA02033E4AC2F8003804AD284604F04C
:1045D000EDF94FF4E1330493A4F544442946204611
:1045E00004F088F9E36843F40053E360314BDA697F
:1045F00042F00102DA61DB6903F001030493049BDA
:104600004FF080431A6822F001021A601A6842F0E3
:1046100004021A606FF001021A61DA6842F00102C6
:10462000DA60284B202283F81C234FF080521A6056
:1046300003F54063D3F8FC3013F0807F0DD11B4AA3
:10464000D2F8FC3043F08073C2F8FC301E4B0022DD
:104650005A601A6842F001021A6000F0A0FA06F0EF
:104660004BFC1A4B1B88ADF82C300BA9002004F032
:1046700095FA00F027FB164D164E15E00023336027
:10468000236853B9FFF736FE0028F9D06B79002B69
:10469000F4D1284600F02AFBF0E7FFF7B1FD142023
:1046A00000F07EF806F090FC0B4CEBE700ED00E02C
:1046B0000040000800100240054082000008014050
:1046C0000000014000E100E0001000E0C8B6000872
:1046D00030080020701000202800002010B500F5E0
:1046E000801042308002072994BF0446041D01F067
:1046F00007039B00D4F800E04FF00F0C0CFA03FC0A
:104700002EEA0C0E042A14D8DFF834C01CF802C0BC
:104710000CFA03F343EA0E032360022A03D10123B8
:104720008B4043610BE0032A09D101238B400361D5
:1047300005E0042202FA03F343EA0E03236010BDEE
:10474000CCB600084FF080431A6822F001021A60CC
:104750001A6822F0700242F010021A601A6822F4FD
:1047600040721A604BF680329A620138D8625A69F8
:1047700042F001025A616FF001021A61064A4FF0DD
:104780008051C2F88011054A002111601A6842F078
:1047900001021A60704700BF00E100E074100020C1
:1047A00008B5FFF7CFFF024A1368002BFCD008BD05
:1047B00074100020014B1868704700BF741000206F
:1047C0004FF080431A6822F001021A606FF0010274
:1047D0001A61024B01221A60704700BF741000205A
:1047E0000146027862B1DFF81CC001232CF8022FC9
:1047F000D8B211F8012F22B10133192BF6D170472D
:10480000104670477810002000487047E4B7000851
:1048100000487047C4B7000800487047A0B70008B8
:10482000012914D108B59446137803F06003402B96
:1048300001D0002008BD5378012BFAD19388072BB3
:10484000F7D1A223034A614605F022F8F2E70120DE
:10485000704700BFFCB6000808B5032836D8DFE86B
:1048600000F0020E13181A4B40F209425A8001233D
:10487000174801335B0043F44073038008BD1548BB
:10488000FFF7AEFF0346F3E71348FFF7A9FF034620
:10489000EEE70F480021DFF844C0C1F3460303F1FF
:1048A0000053A3F5805393F8E83701F0010282F03A
:1048B00001029200134103F00F031CF8033020F8AB
:1048C000023F01311829E8D11823D1E70020D5E7AC
:1048D00078100020D4B60008E0B60008E8B600085A
:1048E000034640B90B4A937F9279134318BF4FF0A8
:1048F000FF30C0B27047074A927F824207D0054A14
:104900009079C01A18BF4FF0FF30C0B27047002036
:10491000704700BFAC1000207047704770B9084A5C
:10492000138E518E908D8B42AEBF5B1AC1EB40014E
:104930005B189BB2984228BF18467047002070470A
:10494000AC10002008B10020704708B5014804F001
:10495000A0FA08BDC810002000B1704708B504488F
:1049600004F0BDFA024BA3F10C0004F046FA08BDB6
:10497000D410002008B10020704708B592B2024858
:1049800004F008FA08BD00BFB010002008B10020F4
:10499000704708B5014804F020FA08BDB0100020A7
:1049A00008B10020704708B5014804F0ACF908BD13
:1049B000B010002070B584B0114D41F2B402002156
:1049C000284606F037FE002402944FF40466019650
:1049D00005F67403009323462246214605F11C0088
:1049E00004F05CF90294019605F134030093234628
:1049F00001222146281D04F051F904B070BD00BF0A
:104A0000AC1000200120704738B5084C0025204626
:104A100020F8285B04F063FA4FF00003A37704F159
:104A2000100004F05CFAA57138BD00BFAC10002086
:104A3000F8B54B79FF2B01D00020F8BD05460C4698
:104A400016460020FFF74CFF70B9B446A4446746F1
:104A5000207821180E462E4B1D70A2785A708C4576
:104A600044D8301B80B2E8E74FF0E023D3F8F03DA4
:104A700013F0010FE0D000BEDEE73146284604F017
:104A80002DFED8B1B378DB0921D1B388C3F30A0373
:104A90001F480577B2788277B288C2F30A0202848F
:104AA00043841C3004F0A9F958BB4FF0E023D3F83D
:104AB000F03D13F0010FBFD000BEBDE74FF0E02383
:104AC000D3F8F03D13F0010FB6D000BEB4E71048A4
:104AD0000571B3788371B388C3F30A0303814FF47C
:104AE00004634381043004F00EF90AE03378334460
:104AF0009F42B6D37378042BB3D00B2BB1D0052BC8
:104B0000BBD03378F3181E469F42AAD9EEE700BF08
:104B1000AC10002038B50C461D460846FFF7E0FEF5
:104B200040BB154B9B7FA34205D0134B9B79A342FF
:104B300012D0012038BD104B596A21B10346AAB2E8
:104B40000E4804F0C7FA002211461046FFF7E4FEB3
:104B50000B4804F052F9ECE7A9B20020FFF7DDFEA4
:104B6000084804F0D0F80028E3D12946054804F0AD
:104B7000A8F8DEE70020DDE7AC100020D41000200C
:104B8000C8100020B010002000230B8070474FF2A7
:104B900001030B8070474FF470430B80704708B5DA
:104BA00002220C210120FFF799FD0022092101209A
:104BB000FFF794FD00220A210120FFF78FFD00225C
:104BC0000F210120FFF78AFD00220E210120FFF7AF
:104BD00085FD03220D210120FFF780FD00220B211E
:104BE0000120FFF77BFD08BD38B505460846144691
:104BF0000B4906F039FB214606F0EAFB044628463D
:104C000006F0DAFA0546214606F0E0FC30B92946FE
:104C1000204606F01FFA06F0EDFC38BD0120FCE747
:104C2000001B374C38B50D46194C072323804FF431
:104C3000A97363800023A380C4F80600C4F80A1097
:104C4000FFF7B2FB2046FFF71EFB4FF4FA60FFF7B9
:104C500079FDFFF74FFB18B9FFF7ACFD0028F8D03E
:104C60000C4B1B688BB10C4B1A886B0803339A42B0
:104C70000BD1094B5B88012B07D1074B9B88B3F500
:104C8000A97F064818BF002000E0002038BD00BF03
:104C90002C00002070100020300800203608002072
:104CA00010B5074C042323804FF480736380A080E9
:104CB000E180FFF779FB2046FFF7E5FA10BD00BF62
:104CC0002C000020054B064A1A60064B064903F1EA
:104CD0003C0243F8041B9342FBD170476021002043
:104CE000A0860100642100208F4B00082DE9F047C9
:104CF000B0F8008000EB4808051D46888B4C012366
:104D000024F8023B4FF002094FF2020A874F18E0E5
:104D1000A4F802A0A38801339BB2A3802A88228032
:104D20003A881A443A80013EB6B2002E00F0088359
:104D30006288002A40F004836A8805EB420504EB90
:104D40004304A4F80490281D4045E1D86B88012B4A
:104D5000DED905EB43029045DAD32A88013A702A5E
:104D600000F2EA82DFE812F0F500ED01FB017802C3
:104D7000E802E802E802E802E802E802E802E802E3
:104D8000E802E802E802E80283028E029902A40225
:104D9000AF02BA02E802E802E802E802E802E8022A
:104DA000E802E802E802E802E802E802E802E802B3
:104DB000E802E802E802E802E802E802E802E802A3
:104DC000E802E802E802E802E802E802E802E80293
:104DD000E802E802E802E802E802E802E802E80283
:104DE000E802E802E80271009F00E802E802E80237
:104DF000E802E802E802E802E802E802E802E80263
:104E0000E802E802E8027C00B600C502E802E80217
:104E1000E802E802E802E802E802E802E802E80242
:104E2000E802E802E802CB00DC00E802E802E8025F
:104E3000E802E802E802E802E802E802E802E80222
:104E4000E802E802E802D002DD02062B03D04FF2AE
:104E5000020363805EE7364B5B6AA11C984759E703
:104E6000A11C062B09D1324BDB6A324A93420FD088
:104E7000314A93420CD0984765E203236380502364
:104E8000A3804FF20203E3800846FFF7FCF95AE2E1
:104E9000032363805023A3804FF47043E3800846CC
:104EA000FFF7F1F94FE2062B03D84FF202036380BC
:104EB00030E72989063B01F0010202EB51029342DF
:104EC00003D04FF20203638024E7194B1B6AA11C35
:104ED00098471FE7052B09D969892A8952EA0142B7
:104EE00004D0063B0132B3EB520F03D04FF2020362
:104EF00063800FE70E4B9B6AA11C98470AE7042BBF
:104F000003D04FF20203638004E7EB881BB94FF232
:104F100002036380FEE6064BDB69A11C9847F9E6B5
:104F2000042B0BD84FF202036380F3E62C00002021
:104F3000642100208F4B0008974B0008EB881BB9B9
:104F40004FF202036380E5E68B4B9B69A11C9847F7
:104F5000E0E6FFF7B7FE884B884903F13C0243F8CF
:104F6000041B9342FBD1844B854A9A6300236380E0
:104F70006B88062B03D04FF202036380CAE6A86851
:104F8000804B1860AB88232B00F2D780DFE813F04A
:104F900024004400D50064008000D500D500D50071
:104FA000D500D500D500D500D500D500D500D50059
:104FB0008C00D500D500D500D500D500D500D50092
:104FC000D500D500D500D500D500D500D500D50039
:104FD000D5009C00AF00C20006F0EEF801F068FDBD
:104FE000654B694A1A60694A9A60694A5A60694A17
:104FF000DA60694A1A61694A5A61694A1A62694AF9
:105000005A62694A9A62694ADA62694A9A61694AE5
:10501000DA61694A1A637DE606F0CEF801F000F91C
:10502000554B664A1A60664A5A60664ADA60664AB2
:105030005A61664A9A63664A1A62664A5A62664AC0
:105040009A62664ADA62664A9A61664ADA61664A32
:105050005A63664A1A635DE606F0AEF800F02AFA73
:10506000454B634A1A60634A5A60634A9A60634ACE
:10507000DA60634A9A63634A1A62634A5A62634A0D
:105080009A62634ADA62634A9A61634ADA6141E684
:1050900002F000FF384B614A1A60614A5A60614A67
:1050A0001A62614A5A6235E606F086F802F01CF888
:1050B000314B5E4A1A605E4A9A605E4A5A605E4AA6
:1050C0009A615E4ADA6125E606F076F8012102F07F
:1050D000FBFB294B5A4A9A605A4A1A625A4A5A6248
:1050E0005A4A9A615A4ADA615A4A5A6312E606F0F3
:1050F00063F8022102F0E8FB1F4B514A9A60514AC3
:105100001A62514A5A62514A9A61514ADA61514AC5
:105110005A63FFE506F050F8032102F0D5FB164B69
:10512000474A9A60474A1A62474A5A62474A9A610E
:10513000474ADA61474A5A63ECE54FF470436380AB
:10514000E8E5022B03D04FF202036380E2E500237F
:1051500063800323A38040F20223E380DAE5042B7B
:1051600003D04FF202036380D4E5E988A88801F0F8
:1051700071FC00236380CDE564210020974B00087B
:10518000894B000860210020D1680008DD68000814
:10519000C9690008356A000865690008416A0008A5
:1051A0003D6B00089D6B0008296C0008816C0008AD
:1051B000956D0008D36D0008116E00088561000828
:1051C00091610008016200080D6200086D66000828
:1051D000DD6200083B630008B9630008CD63000886
:1051E000616200089962000899640008F964000887
:1051F0007555000883550008915500085559000859
:105200007D590008B556000889570008A5580008C0
:105210000D560008E95800081F5900083D80000895
:105220000580000851800008D18000080171000845
:10523000C57100084D710008D1710008477200085F
:10524000ED780008E97C00088B7C0008537B00089F
:10525000F1790008417D0008022B03D04FF20203D0
:10526000638057E5FFF7A6F80023638052E5022B21
:1052700003D04FF2020363804CE5344B1B68A11C42
:10528000984747E5022B03D04FF20203638041E5C4
:105290002E4B9B68A11C98473CE5022B03D04FF294
:1052A0000203638036E5294B5B68A11C984731E512
:1052B000022B03D04FF2020363802BE5234BDB6804
:1052C000A11C984726E5022B03D04FF2020363800E
:1052D00020E51E4B1B69A11C98471BE5022B03D040
:1052E0004FF20203638015E5184B5B69A11C9847D8
:1052F00010E50C2B03D04FF20203638023E0134B25
:105300001B6BA11C98471EE0EB8801335B0804D09F
:105310000E4B5B6BA11C9847FCE44FF202036380C9
:10532000F8E4022B03D04FF202036380F2E4074B50
:105330009B6BA11C9847EDE44FF470436380E9E454
:105340000348FEF7A0FFBDE8F08700BF64210020FE
:105350002C00002008B503220B210120FFF7BEF925
:1053600000220D210120FFF7B9F9044B4FF4005240
:105370001A614FF400621A6108BD00BF000C0140C1
:1053800010B5FFF7E7FF01220B211046FFF7A6F942
:105390000F4B4FF400625A613220FFF701FAFFF71A
:1053A000D9FF4FF4FA70FFF7CDF9094CA36813F455
:1053B000006F03D1FFF7FEF90028F7D0044B9B687C
:1053C00013F4006F4FF2110018BF002010BD00BF92
:1053D000000C014038B50D46094C2060082363607D
:1053E000204602F0E5FE256010236360204602F0AF
:1053F000DFFE044B186802F0BDFE002038BD00BF80
:10540000B0210020A021002070B505460E460C4CAE
:10541000C823236008236360204602F0C9FE1023DE
:1054200063602560204602F0C3FE2660204602F03D
:10543000BFFE044B186802F09DFE002070BD00BF47
:10544000B0210020AC21002038B505460B4CE823E4
:10545000236008236360204602F0AAFE2560102323
:105460006360204602F0A4FE054B186802F082FE3D
:10547000204602F0D7FE206880B238BDB02100205F
:10548000AC21002010B5094C206008236360204641
:1054900002F08EFE064B186802F06CFE102363606B
:1054A000204602F0BFFE206880B210BDB02100206F
:1054B000A421002038B50446224D234BEB626FF443
:1054C0007003AB61214BEB6110332B62043B6B62C9
:1054D000083BAB6202464FF081411020FFF784FB8E
:1054E000A86022461A491320FFF77EFBE860224697
:1054F00018491020FFF778FB286122461649112031
:10550000FFF772FB6861224614490020FFF76CFB2D
:10551000134B186022464FF085410020FFF764FBD3
:10552000104B1860224610490020FFF75DFB0F4B1F
:10553000186022464FF084410020FFF755FB0C4BCA
:10554000186038BDB0210020041000E0040C0140B8
:1055500000001041000040400000C0400000164321
:10556000AC210020A821002000003042A42100200E
:10557000A021002010B50C46FFF7ECFE002323808D
:1055800010BD10B50C46FFF7FBFE208010BD0000DB
:1055900038B50D46FFF7DEFE01220B211046FFF75E
:1055A0009DF8194C4FF4006363610A20FFF7F8F887
:1055B00001220D211046FFF791F84FF4005363616B
:1055C0003220FFF7EDF803220B210120FFF786F8C8
:1055D0004FF4FA70FFF7B6F8A36813F4006F03D125
:1055E000FFF7E8F80028F7D06420FFF7D9F8FFF7B5
:1055F000B1FE054B9B6813F4006F4FF2110318BF07
:1056000000232B8038BD00BF000C01402DE9F0477E
:105610000F460668436806EB030A50234B800023BD
:105620008B80B1B24520FFF7D5FE4FF080090123F2
:105630004FF0620812E05DB107F10A04053507EB8F
:1056400045054046FFF71EFF24F8020BA542F8D19E
:105650004E443846FEF717FE034640BBB24522D9FA
:10566000AAEB0602914528BF91464FEA59056A1DEB
:105670003A80C7F80660002BDDD0B0B2FFF7E4FE39
:105680007881B9F1020FE3D9012DE1D907F10C04BA
:10569000053507EB45054046FFF7F4FE24F8020BFD
:1056A000AC42F8D1D4E700233B80BDE8F0874FF24D
:1056B0002203F9E72DE9F0478A464368002B36D0EC
:1056C000064656F8087B23F00108B8443C461F44C0
:1056D000023F2B4D32E03188A0B2FFF795FE034622
:1056E000BC4225D020BB0234023627E0B4F5803F0F
:1056F0003688234D2CBFC423C0232B6008236B6046
:10570000284602F055FD10236B60A3B22B6028469B
:1057100002F04EFD14F0010FF6B208BF3602184831
:10572000066002F045FD174B186802F023FD0023C8
:10573000AAF80030BDE8F08702340236334644450B
:10574000D4D0B4F5803FC6D3B6F80090CC232B60FC
:1057500008236B60284602F02BFD10236B60A3B278
:105760002B60284602F024FDC5F80090284602F080
:105770001FFD044B186802F0FDFCBC42DCD1D6E7EB
:10578000B0210020AC2100202DE9F84F8946466861
:10579000002E52D001F10408046800253F4F4FF05D
:1057A000EC0BDFF8FCA008E0A0B2FFF74DFE28F8F4
:1057B000020B02350234AE421CD9012E1CD9B4F5BD
:1057C000803FF1D3C7F800B008237B60384602F071
:1057D000EFFCA3B23B6010237B60384602F0E8FC8C
:1057E000DAF8000002F0C6FC384602F01BFD38680B
:1057F00080B2DCE72E4620E0B4F5803F2DD3274E63
:10580000E423336008237360304602F0D1FCA3B276
:10581000336010237360304602F0CAFC204B1868D6
:1058200002F0A8FC304602F0FDFC14F0010F10D08D
:105830003368DBB2A8F800306E1C0023A9F80030F2
:1058400006F0010303EB56030233A9F80230BDE86A
:10585000F88F124B1B681B0AEBE7104EE0233360F6
:1058600008237360304602F0A3FCA3B23360102318
:105870007360304602F09CFC094B186802F07AFC19
:10588000304602F0CFFC14F0010F02D03368DBB2D7
:10589000D0E7024B1B681B0AF9E700BFB0210020CC
:1058A000AC2100202DE9F041054688464668048871
:1058B00021464520FFF78EFD29892046FFF7A4FDEC
:1058C000022E0CD005F10A04422734F8021B384698
:1058D000FFF780FDC4F108033344DD42F5D1002316
:1058E000A8F80030BDE8F08110B50C460388A3F19C
:1058F0004202052A0FD84288022A03D04FF2400301
:105900000B800BE08188D8B2FFF764FD0023238071
:105910000223638002E04FF470430B8010BD10B58A
:105920000C460388A3F16202052A0FD84288022A96
:1059300003D04FF240030B800BE0D8B2FFF7A2FD7B
:10594000A080002323800323638002E04FF4704390
:105950000B8010BD10B50C46064808230360436059
:1059600002F026FC044B186802F004FC002323809C
:1059700010BD00BFB0210020A821002010B50C46AA
:10598000FFF7FEFC208010BD08B500220B2101208E
:10599000FEF7A4FE00220D210120FEF79FFE00224B
:1059A0000F210120FEF79AFE00220E210120FEF7B2
:1059B00095FE002008BD00002DE9704F86B0054619
:1059C0000391904604935D4B9C6814F48044FBD192
:1059D0005A4E4FF4004333614FF4005AC6F810A0FA
:1059E000DFF85C91D9F8000002F0C4FBC6F814A0FF
:1059F000D9F8000002F0BEFBB668C6F3803615F099
:105A0000010F4E4B4FF4004214BF1A615A61DFF888
:105A10002C914FF4005BC9F810B0DFF824A1DAF83C
:105A2000000002F0A7FBC9F814B0DAF8000002F099
:105A3000A1FBD9F80830C3F3803346EA430302934D
:105A400015F0020F6ED04FF40042C9F810203B4E03
:105A50004FF40059C6F81090394D286802F08AFBBF
:105A6000C6F81490286802F085FB029B002B0CBF3F
:105A70004FF0200A4FF0070A039D002D57D06B1EF0
:105A8000012202FA03F30193A1464FF4005BCDF823
:105A900014A0A246B368C3F3803343EA4A0A019BC9
:105AA00013EA080F4FF4004314BF336173614FEAE8
:105AB0004808C6F810B0224C206802F05BFBC6F81C
:105AC00014B0206802F056FB09F10109A945E1D1A3
:105AD0005446DDF814A0194B4FF400425A61039B61
:105AE0009A4518D9154E4FF40059B368C3F3803363
:105AF00043EA4404C6F81090DFF84480D8F8000068
:105B000002F038FBC6F81490D8F8000002F032FB1F
:105B10000135AA45E9D1049B03B11C60029806B087
:105B2000BDE8708F054B4FF400425A618FE7034B7D
:105B30004FF400425A612546D4E700BF000C0140F3
:105B4000E42100202DE9704382B00646062400259A
:105B50004FF020090DF104082B46324649462846ED
:105B6000FFF72AFF43462A4607210320FFF724FFB9
:105B70000138012806D8013CEED14FF6FF7002B083
:105B8000BDE870830020FAE710B582B09B4B1C681B
:105B900044F440441C605C6824F001045C60041F11
:105BA0009748836813F4804FFBD1954B4FF4004C1A
:105BB000C3F810C04FF400501861586100BF00BF17
:105BC00000BFD3F808E0C3F814C01861586100BFE3
:105BD00000BF00BFD3F808C0186158618948019020
:105BE000DFF824C201A8CCF864000220CCF85C00E5
:105BF000586840F0004040F400005860DCF858302D
:105C000043F00103CCF858306046C36D002BFCD143
:105C10007A48836813F0800FFBD17B48836D23F0B3
:105C200001038365A0F57440436823F0004323F427
:105C300000034360836813F4804FFBD1704B4FF433
:105C4000004CC3F810C04FF4005018615861C3F8FD
:105C500014C000BF00BF00BF18615861C3F810C076
:105C600000BF00BF00BF186158614FEA344401947F
:105C7000654C01A860660220E065586840F000406D
:105C800040F400005860A36D43F00103A365204673
:105C9000C36D002BFCD15948836813F0800FFBD1F2
:105CA0005948836D23F001038365A0F57440436870
:105CB00023F0004323F400034360836813F4804F10
:105CC000FBD14F4B4FF4004018614FF40050186166
:105CD000586100BF00BF00BF1861586100BF00BF1E
:105CE00000BF186158614FF0070E4FF0630C4FF47E
:105CF00000441CF0400F14BF1C615C614FEA4C0C67
:105D000018615861BEF1010EF3D1104602F0A4FBF8
:105D10001FFA80FC3A4A936813F4804FFBD1384B4A
:105D20004FF400421A614FF400521A615A6100BFE9
:105D300000BF00BF1A615A6100BF00BF00BF1A61F7
:105D40005A61072143224FF400444FF4005012F0EF
:105D5000400F14BF1C615C61520018615861013929
:105D6000F5D1274A936813F4804FFBD1244B4FF4AD
:105D7000004119614FF400521A615A61596100BF24
:105D800000BF00BF1A615A61196100BF00BF00BFA8
:105D90001A615A61002200921B49C1F864D00222A4
:105DA000CA655A6842F0004242F400025A608B6DA4
:105DB00043F001038B650A46D36D002BFCD10F4ADB
:105DC000936813F0800FFBD10F4A936D23F001030A
:105DD0009365A2F57442536823F0004323F4000353
:105DE0005360064B5A6842F001025A601A6822F466
:105DF00040421A60604602B010BD00BF003800404B
:105E0000000C0140D67FA69A0000024030B583B056
:105E10000546002401942346224607210320FFF76C
:105E2000CBFD01AB224607210320FFF7C5FD019BF7
:105E3000C3F380132B80033818BF4FF0FF3080B2BC
:105E400003B030BD2DE9704783B0824689460524F2
:105E50004FF00008202501AE0AE0334642460721F4
:105E60000320FFF7A9FD0138012818D894B1013C9F
:105E70004346524629464046FFF79EFD3346D9F831
:105E8000002029460220FFF797FD01380128E4D8B9
:105E9000002CECD14FF6FF7003B0BDE870870020F6
:105EA000FAE72DE978478146884606240026202512
:105EB0004FF0C04A33464A4629463046FFF77CFD3C
:105EC0004346524629463046FFF776FD18B1013C5D
:105ED000F0D14FF6FF70BDE87887000070B584B050
:105EE0000C461646039000230293019302A91E4814
:105EF000FFF7D7FF054610B1284604B070BD01A9D1
:105F00001A48FFF7CEFF05460028F5D103A9184827
:105F1000FFF798FF054640B9012C0FD0022C19D08D
:105F2000042C1CD04FF202031D4602A91148FFF7B2
:105F300089FF01A90E48FFF785FFDDE70E48FFF74F
:105F400001FE0546002DF0D131460748FFF7A9FFB5
:105F50000546EAE70948FFF7F5FD0546F2E7084878
:105F6000FFF7F0FD0546EDE7A69B167CA69B367C69
:105F7000A69A367CA69A167C00000188000001A033
:105F80000000018070B584B00C46154603900023D4
:105F90000293019302A91F48FFF783FF064610B141
:105FA000304604B070BD01A91B48FFF77AFF0646D2
:105FB0000028F5D103A91948FFF744FF064640B170
:105FC00002A91748FFF73EFF01A91448FFF73AFF5F
:105FD000E6E729461248FFF735FF06460028EFD1CD
:105FE000012C07D0022C0AD0042C0DD04FF2020352
:105FF0001E46E5E70B48FFF7A5FD0646E0E70A4821
:10600000FFF7A0FD0646DBE70848FFF79BFD0646C5
:10601000D6E700BFA69B167CA69B367CA69A367C4C
:10602000A69A167C00000198000001B000000190C3
:1060300030B583B005460C460023019301A91148F1
:10604000FFF72FFF034610B1184603B030BD2146BD
:106050000D48FFF7F7FE03460028F5D16B0103F466
:106060007873C5F344100343084840EAC320FFF7A0
:1060700069FD03460028E7D101A90348FFF7E2FEC6
:106080000346E1E7A69B167CA69A167CA603007C35
:1060900030B583B004460D460023019301A9114891
:1060A000FFF7FFFE034610B1184603B030BD600194
:1060B00000F47870C4F3441303430B4840EAC32050
:1060C000FFF740FD03460028EED129460548FFF7BB
:1060D000E8FE03460028E7D101A90448FFF7B2FE15
:1060E0000346E1E7A69B167CA602007CA69A167CD6
:1060F00010B584B000230393029302A99520FFF703
:10610000C7FF044610B1204604B010BD029B23F423
:10611000003343F0207343F00103029302A995205A
:10612000FFF786FF04460028EDD103A91B20FFF7E7
:10613000AFFF04460028E6D1039B23F48C4303936E
:1061400003A91B20FFF774FF04460028DBD14FF0A2
:106150004063019301A94FF40C70FFF769FF0446F7
:106160000028D0D101A99420FFF792FF044600280F
:10617000C9D10346024A2021FFF71EFCC3E700BF36
:106180006400004C10B50C46FFF7FEFB208010BDEC
:1061900070B50E46FFF7F8FB01220B211046FEF703
:1061A0009DFA164C4FF4006363616420FEF7F8FA21
:1061B00001220D211046FEF791FA01220F2110460F
:1061C000FEF78CFA4FF4004363614FF400552561EC
:1061D00003220B210120FEF781FA3220FEF7E0FABC
:1061E000656101220D211046FEF778FA01220F2188
:1061F0001046FEF773FA0023338070BD000C014097
:1062000010B50C46FFF774FF208010BD10B50C468A
:10621000081DFFF7FBFD20800323638010BD0000F5
:1062200010B584B0044605F0E5F901900023ADF8FF
:106230000830ADF80A300123ADF80C30ADF80E305F
:1062400001A8FEF7BDF822464FF07C511820FEF75A
:10625000CBFC024B186004B010BD00BFE42100204D
:1062600010B50C464388042B03D04FF24000208029
:1062700010BD03881F2B06D8011D064840EA435075
:10628000FFF7E0FDF3E7011DA3F12000FFF7D0FECB
:10629000EDE700BFA69A167C4388042B03D04FF489
:1062A00070430B80704710B500881F280AD80C4631
:1062B0000431094B43EA4050FFF7F3FD20800423EB
:1062C000638010BD0C4604312038FFF7E1FE2080CA
:1062D00004236380F5E700BFA69B167C2DE9784771
:1062E0008A4644683CB3054655F8086B4FF00208EF
:1062F0004FF0040909E02A4649463046FFF742FEBE
:10630000043C0436043594B188B9032CF3D8012C2D
:1063100008D92A4641463046FFF734FE023C023691
:106320000235F0E72A4601213046FFF72BFEAAF896
:106330000000BDE878872046F9E72DE9704F8A46CE
:106340004668B6B30C1DD0F800800025A9464FF072
:10635000020B0BE0224604214046FFF7BFFD043547
:1063600008F104080434B54218D2B8B9A4F8009072
:10637000032EEFD8012E09D9224659464046FFF791
:10638000ADFD023508F102080234ECE72246012196
:106390004046FFF7A3FD237823800135AAF80000CB
:1063A00005F0010303EB55030233AAF80230BDE800
:1063B000708F35463046F1E710B50C4600F1080203
:1063C00041680068FFF7E0FB208010BD30B583B066
:1063D00004460D460368043B019301A92B48FFF7CF
:1063E00031FD20B14FF222032B8003B030BD284A8B
:1063F000936813F4804FFBD1254B4FF40040186194
:106400004FF400521A615A6100BF00BF00BF996883
:10641000C1F3803158611A615A6100BF00BF00BFEB
:106420009868C0F3803041EA40011A615A615A68A5
:1064300042F0004242F400025A60A3F5544348F28D
:106440000142DA601A46936813F0010FFBD0114B3A
:10645000DA680422DA601A46936813F0010FFBD061
:106460000C4BDB680A4A536823F0004323F4000313
:1064700053600329B6D162682168284601F040FFC5
:106480000028B2D04FF222032B80AEE7A69A367CCA
:10649000000C01400038004038B50D464388042BFD
:1064A00003D04FF20200288038BD436804883CB115
:1064B000012C0FD0022C17D04B880020044606E098
:1064C0001846FFF73FFB6B88002818BF00242344C1
:1064D0006B80E8E70289042AE3D100F10A0118463B
:1064E000FFF7B0FC0024EEE70289042AD9D1043179
:1064F0001846FFF7D6FCE6E72DE9704F84B0056833
:10650000436805EB03080123039383680293454521
:1065100072D2C368019306694EF6602A4FF00009F3
:106520002AE001464FF60170FEF7BAFB42E0FEF7A3
:1065300041F9002841D103A94B48FFF7B2FC0146BD
:10654000002840D1039B012B42D102A91A20FFF75A
:106550006FFD0146002840D15A4631460198FFF7A9
:1065600013FB014600283DD1FFF7C2FD014600287C
:106570003DD13544A8453FD931462846FEF752FB68
:1065800083460028CDD05046FEF7DCF8ADF80E90DB
:1065900003AC2046FFF73AFC014638B9039B002BB9
:1065A000C5D1FEF707F90028F3D0C0E74FF243004A
:1065B000FEF776FB04B0BDE8708F00214FF6FE7049
:1065C000FEF76EFBF6E74FF24300FEF769FBF1E7DB
:1065D0004FF21200FEF764FBECE74FF24300FEF7C8
:1065E0005FFBE7E74FF24300FEF75AFBE2E74FF2AB
:1065F0001100FEF755FBDDE70023ADF80E304EF637
:106600006020FEF79FF803AC2046FFF7FFFB014632
:1066100020BB039B1BB9FEF7CDF80028F4D0FEF792
:10662000C9F880B903A91048FFF73BFC014680B9BF
:10663000039B012B19BF01464FF2120000210846AF
:10664000FEF72EFBB6E700214FF6FE70FEF728FBA3
:10665000B0E74FF24300FEF723FBABE74FF24300F6
:10666000FEF71EFBA6E700BFA69B767C10B5FFF7E2
:106670008BF901220D211046FEF730F801220F217F
:106680001046FEF72BF80E4C4FF4004323614FF4F5
:106690000053636101220B211046FEF71FF84FF4EF
:1066A000006363616420FEF77BF803220B21012065
:1066B000FEF714F86420FEF773F8FEF770FA10BDC9
:1066C000000C0140034601280BD04FF6FF729042A8
:1066D0000AD04FF223004FF22202002B18BF1046BF
:1066E00070474FF2200070474FF2210070470000C2
:1066F000084906E0013A09D08B6803F480538342CD
:10670000F8D0886800F480500522F5E7003818BFFB
:1067100001207047000C014008B503220B21012025
:10672000FDF7DCFF03220D210120FDF7D7FF022238
:106730000C210120FDF7D2FF00220F210120FDF7DF
:10674000CDFF00220E210120FDF7C8FF002008BD6B
:1067500010B5134C00232360204601F0E8FE4FF4EF
:1067600040632360204601F0E2FE0E4B5C680E4B56
:106770001A680E4BA3FB02329209642303FB02F258
:106780000B4908488B6813F4805F06D043681B1BD5
:106790009342F7D94FF2110000E0002010BD00BF76
:1067A00020220020001000E004000020D34D6210E1
:1067B000000C0140F8B50E4B5F680E4C00250E4EE4
:1067C0002560204601F0B3FE23882360844668B12B
:1067D00063B9074B5A68D21B084B1B68A6FB03130F
:1067E0009B09322101FB03F39A42E9D36046F8BDCD
:1067F000001000E020220020D34D62100400002091
:10680000F8B504460D4617461548046001F08FFEA2
:1068100004F47E43B3F5C05F0FD014F0800F18D19D
:106820000F483B88036001F082FEFFF7C3FF18B1F9
:106830000B4B1888FFF746FFF8BD2B0C084A16468D
:106840001360104601F073FE3560304601F06FFEB4
:10685000E3E703487B88036001F069FEE0E700BFDF
:1068600020220020F8B504460D461746174804605C
:1068700001F05DFE04F47E43B3F5C05F0FD014F069
:10688000800F05D0FFF796FFA8B9104B1B687B80DF
:10689000FFF790FFA0B90D4B1B683B80F8BD2B0C98
:1068A0000A4A16461360104601F041FE3560304634
:1068B00001F03DFEE3E7054B1888FFF703FFEDE726
:1068C000024B1888FFF7FEFEE8E700BF20220020F9
:1068D00010B50C46FFF720FF208010BD2DE9F041D8
:1068E000884601220D211046FDF7F8FE01220F21F6
:1068F0001046FDF7F3FE1A4B4FF400525A61022086
:10690000FDF74EFF022501270B26154C3A4631466E
:106910003846FDF7E3FE4FF4006363611920FDF78D
:106920003FFF032231463846FDF7D8FE4FF4FA7098
:10693000FDF708FFA36813F4805F03D1FDF73AFF6A
:106940000028F7D0A36813F4805F07D1013DDDD1A3
:106950004FF21003A8F80030BDE8F0810023F9E7FA
:10696000000C014038B50D46164B9B6813F4805F50
:1069700002D000232B8038BD01220D211046FDF7E7
:10698000ADFE01220F211046FDF7A8FE0D4B4FF47E
:1069900000525A616420FDF7D5FE0A4CA36813F437
:1069A000805F03D1FDF706FF0028F7D0054B9B68F9
:1069B00013F4805FDDD1034B4FF400521A614FF2A4
:1069C0001003D7E7000C014038B50D46FFF7A4FED1
:1069D000174C4FF40053236101220D211046FDF79F
:1069E0007DFE01220B211046FDF778FE4FF4006377
:1069F00063611920FDF7D4FE03220B210120FDF76E
:106A00006DFE4FF4FA70FDF79DFEA36813F4006F5E
:106A100003D1FDF7CFFE0028F7D0054B9B6813F498
:106A2000006F4FF2110318BF00232B8038BD00BF49
:106A3000000C014010B50C46FFF78AFE208010BD07
:106A400010B50C4600230B8003234B80FFF750FE4C
:106A5000A08010BD00B5114B1A68114BA3FB023288
:106A6000920C02FB00F30F48A0FB03C3DB090133C8
:106A7000DFF834E0DEF804C09C4538BF9C46CEF811
:106A80001CC0DFF828C0CCF8243002FB01F1A0FBC9
:106A90000101C9090131CCF8341000BD0400002007
:106AA00083DE1B43F119760520220020E821002017
:106AB000F0B585B0074604F09DFD01900123ADF8C7
:106AC0000830ADF80A30ADF80C30ADF80E3001A842
:106AD000FDF776FC124C134AE260134B2361134915
:106AE00061611348A060A0F55340F8386060043835
:106AF0002060104D6961104EAE60EA602B613A462D
:106B00004FF07C511820FEF76FF8686026634FF451
:106B10007A7140F2DC50FFF79DFF05B0F0BD00BF79
:106B2000E8210020140C0140080C0140041000E092
:106B3000040C014020220020100C01402DE9F843F4
:106B40008946446844B3054655F8086B4FF4C2576C
:106B50004FF4C45809E02A4631464046FFF750FE3C
:106B6000043C043604359CB190B9032CF3D8012CB5
:106B700008D92A4631463846FFF742FE023C023623
:106B80000235F0E72A4631464FF4C050FFF738FE91
:106B9000A9F80000BDE8F8832046F9E72DE9F8439D
:106BA00088464768B7F5FE6F13D82FB10D1D0668EC
:106BB00000244FF4CA591DE03C463846A8F80000AE
:106BC00004F0010303EB54030233A8F80230BDE8DC
:106BD000F8834FF202030B80F9E72A4631464FF45F
:106BE000CC50FFF73FFE043404360435BC42E5D2F6
:106BF0000028E3D13B1B032BEFD8012B08D92A46F1
:106C000031464846FFF72EFE023402360235EDE7E4
:106C10002A4631464FF4C850FFF724FE2B7825F85A
:106C2000023B01340136E1E7F8B50E464468F4B1A1
:106C3000074614F0030F1AD1024652F8081B4FF40E
:106C4000C450FFF7DDFD0546043C13D090B90A4857
:106C50003B460C33C361A4080462084BC36201F0D5
:106C60000FFD38B180B2FFF72DFD054602E04FF26F
:106C700002031D463580F8BDE8210020A0860100F2
:106C80002DE9F84F0C4645683DB115F0030F04D1CE
:106C9000066816F001039B460ED003680522228089
:106CA000502262804FF20202A280C4F806302046D1
:106CB000FDF7E9FABDE8F88F01F10A0231464FF419
:106CC000CC50FFF7CFFD60B9AF19042D14D8BE42E8
:106CD000F0D201234FF48065DFF8AC804FF0500A0A
:106CE00021E00522228050226280A080C4F8066044
:106CF0002046FDF7C8FADDE724484FF4EC53036063
:106D000001F015FCE3E76B0805332380A4F802A02B
:106D10000023A380C4F806602046FDF7B4FA2E4491
:106D2000B742C7D95B46BA1B954228BF1546D3EB7D
:106D30009502E8D004EB83030A33C8F81C30C8F886
:106D4000202005EB06094F4594BF00230123C8F816
:106D500028300F4BC8F82C30404601F030FC00289A
:106D6000D1D080B2FFF7AEFC074B1B6AA9EB8303BF
:106D70000522228050226280A080C4F8063020467E
:106D8000FDF781FA96E700BFE821002020220020CD
:106D9000A086010010B50C46B0F800C02CF4816349
:106DA00023F00703B3F5025F03D04FF470430B8069
:106DB00010BD4388042B03D04FF240030B80F7E74C
:106DC000021D00216046FFF71BFD20800223638027
:106DD000EEE7B0F800C02CF4816323F00703B3F5AD
:106DE000065F03D04FF470430B8070474388042B39
:106DF00003D04FF240030B80704710B50C460A1DBC
:106E000000216046FFF72EFD20800423638010BD23
:106E10002DE9F04782B00568436805EB03098368F4
:106E200000934D4580F08180D0F80CA0D0F8108000
:106E3000554EA8F10407BF0829E001464FF601703E
:106E4000FDF72EFF02B0BDE8F08700214FF6FE707F
:106E5000FDF726FFF6E74FF24300FDF721FFF1E7CC
:106E60004FF21200FDF71CFFECE74FF24300FDF775
:106E700017FFE7E74FF24300FDF712FFE2E7FFF7E6
:106E800067FC014600284BD14544A9454DD94146F0
:106E90002846FDF7C7FE04460028CED04EF66020F7
:106EA000FDF750FCFFF724FC30B9FDF783FC18B95F
:106EB000FFF71EFC0028F8D0FDF77CFC0028C4D1A9
:106EC00001AA01464FF40650FFF7CCFC014600280A
:106ED000C1D1019B012BC3D16A4600214FF412504E
:106EE000FFF78EFC01460028BFD1224651464FF4E1
:106EF000C450FFF785FC01460028BBD10434F4617F
:106F00003762224BF362002FB9D0304601F0B8FB54
:106F10000028B4D000214FF24300FDF7C1FE91E7F5
:106F20004FF21100FDF7BCFE8CE74EF66020FDF736
:106F300009FCFFF7DDFB30B9FDF73CFC18B9FFF7A2
:106F4000D7FB0028F8D0FDF735FC90B901AA01461F
:106F50004FF40650FFF786FC014680B9019B012BD8
:106F600019BF01464FF2120000210846FDF798FEB6
:106F700068E700214FF6FE70FDF792FE62E74FF2E0
:106F80004300FDF78DFE5DE7E8210020A0860100AB
:106F900038B568B1094B4FF480621A61074C4FF461
:106FA00000552561064B186801F0E4F8656138BDAD
:106FB000024B4FF480625A61F0E700BF000C0140C1
:106FC0004022002038B5802401252846FFF7E0FF45
:106FD000013CFAD10020FFF7DBFF0020FFF7D8FFCC
:106FE000002038BD68B32DE9F843894607460024E0
:106FF0002646144D4FF4005819E016F0010F4FF4D7
:10700000004314BF2B616B617B1EA34204BF4FF48E
:1070100080632B61C5F810800B4B186801F0AAF84B
:107020007608AB68C5F814800134BC4207D014F070
:107030001F0FE2D1494651F8046B8946DDE7BDE8F0
:10704000F8837047000C0140402200202DE9F04FEA
:1070500083B00191224B4FF400425A6100283CD08A
:1070600081460024274600F1FF3A1E46DFF874B03F
:107070001CE04FF4806333614FF40058C6F8108071
:10708000DBF8000001F076F8B368C3F3803305F055
:107090001F0503FA05F52F43C6F81480019B43F83A
:1070A000047B019300270134A14516D0A5B2A24567
:1070B000DFD04FF40058C6F81080DBF8000001F074
:1070C00059F8B36805F01F05C3F38033AB401F4385
:1070D000C6F814801F2DE6D1E0E703B0BDE8F08FBD
:1070E000000C01404022002008B502464FF07E51BE
:1070F0001020FDF779FD014B186008BD40220020EB
:1071000010B50C4603220B210120FDF7E7FA0022FF
:107110000D210120FDF7E2FA00220F210120FDF7E9
:10712000DDFA00220E210120FDF7D8FA00220A2103
:107130000120FDF7D3FA002209210120FDF7CEFA44
:107140003220FDF72DFB0023238010BD38B50D46FE
:1071500001220B211046FDF7C1FA194C4FF40063D0
:1071600063610520FDF71CFB01220D211046FDF790
:10717000B5FA01220F211046FDF7B0FA00220E21C8
:107180000120FDF7ABFA01220A211046FDF7A6FA0D
:10719000012209211046FDF7A1FA4FF40073236183
:1071A0004FF40043636103220B210120FDF796FA9F
:1071B0004FF4FA70FDF7F4FAFFF704FF288038BDAA
:1071C000000C014010B50C46FFF7FCFE208010BDFE
:1071D00038B5044600230B8003882BB1012B1CD04B
:1071E0004FF470430B8017E043881D460120FFF7E2
:1071F000CFFE0120FFF7CCFE0020FFF7C9FE0020E4
:10720000FFF7C6FE211D2846FFF7ECFE0120FFF721
:10721000BFFE0020FFF7BCFE38BD43881D4601209D
:10722000FFF7B6FE0020FFF7B3FE0020FFF7B0FE29
:10723000211D2846FFF7D6FE0120FFF7A9FE0020FA
:10724000FFF7A6FEE8E738B50C4600230B8042881E
:1072500012F00F0318BF012303EB121302334B800C
:1072600003882BB1012B1CD04FF470430B8017E027
:1072700043881D460120FFF78BFE0120FFF788FEA3
:107280000020FFF785FE0020FFF782FE211D284623
:10729000FFF7DCFE0120FFF77BFE0020FFF778FE02
:1072A00038BD43881D460120FFF772FE0020FFF71E
:1072B0006FFE0020FFF76CFE211D2846FFF7C6FE7B
:1072C0000120FFF765FE0020FFF762FEE8E70000FF
:1072D000144B1A7812F0080F4FF2220318BF002344
:1072E00012F0100F4FF2220118BF0B4612F0200FC0
:1072F00018BF0B4612F0400F18BF0B4612F0800F5C
:1073000018BF0B46074A527812F0010F4FF24201A4
:1073100018BF0B4612F0020F4FF2220018BF18469A
:10732000704700BF4422002038B568B1094B4FF4C4
:1073300080621A61074C4FF400552561064B1868AE
:1073400000F018FF656138BD024B4FF480625A614E
:10735000F0E700BF000C01404822002038B541246E
:1073600001252846FFF7E0FF013CFAD10020FFF796
:10737000DBFF0020FFF7D8FF002038BD60B32DE908
:10738000F8438946074600242546144E4FF400581A
:1073900018E015F0010F4FF4004314BF336173611F
:1073A0007B1EA34204BF4FF480633361C6F8108094
:1073B0000B4B186800F0DEFE6D08C6F8148001342F
:1073C000BC4207D014F01F0FE3D1494651F8045BCB
:1073D0008946DEE7BDE8F883704700BF000C014036
:1073E0004822002038B505460C460120FFF79CFFD7
:1073F0000120FFF799FF0020FFF796FF0020FFF71D
:1074000093FF21462846FFF7B9FF0120FFF78CFFC5
:107410000020FFF789FF38BD38B505460C4601202E
:10742000FFF782FF0020FFF77FFF0020FFF77CFFC0
:1074300021462846FFF7A2FF0120FFF775FF002035
:10744000FFF772FF38BD10B582B00C46400040F027
:1074500001008DF807000DF107010820FFF7DCFFA0
:1074600021462020FFF7D8FF02B010BD2DE9F04FD4
:1074700083B0ADF804000120FFF756FF0120FFF7AD
:1074800053FF0020FFF750FF0020FFF74DFF0024BF
:10749000A04601AB9B46224D4FF40049DFF884A083
:1074A00018E016F0010F14BFC5F81090C5F814903D
:1074B000092C17D04FF400572F61DAF8000000F0C4
:1074C00059FEAB68C3F38033A34048EA030876084B
:1074D0006F610134A3B2002BE3D15B4653F8046B18
:1074E0009B46DEE70E4D4FF480632B614FF4005650
:1074F0002E610C4B186800F03DFEAB686E61C3F363
:107500008033A34043EA0803074A13600120FFF7D2
:107510000BFF0020FFF708FF03B0BDE8F08F00BFAE
:10752000000C014048220020442200202DE9F04FA9
:1075300083B00191224B4FF400425A6100283CD0A5
:1075400081460024274600F1FF3A1E46DFF874B05A
:107550001CE04FF4806333614FF40058C6F810808C
:10756000DBF8000000F006FEB368C3F3803305F0DB
:107570001F0503FA05F52F43C6F81480019B43F855
:10758000047B019300270134A14516D0A5B2A24582
:10759000DFD04FF40058C6F81080DBF8000000F090
:1075A000E9FDB36805F01F05C3F38033AB401F430B
:1075B000C6F814801F2DE6D1E0E703B0BDE8F08FD8
:1075C000000C01404822002038B505460C46012039
:1075D000FFF7AAFE0020FFF7A7FE0020FFF7A4FE9A
:1075E00021462846FFF7A2FF0120FFF79DFE00205D
:1075F000FFF79AFE38BD30B583B00D4614469DF8AE
:10760000043060F3060323F080038DF804309DF806
:10761000053003F0FE0343F002038DF805300198B6
:10762000FFF724FF680180B22146FFF7CDFF9DF8E8
:107630000430112262F306038DF804300198FFF73D
:1076400015FF69462020FFF7BFFF03B030BD0000E3
:1076500070B582B006460D469DF80430102060F3E8
:10766000060323F080038DF804309DF8053043F0C5
:10767000010323F002038DF80530094C2246062150
:10768000FFF7B9FFE5602661002363610198FFF70A
:10769000EDFE2146C020FFF7BFFE02B070BD00BF67
:1076A0004C22002030B583B00D4614469DF80430BE
:1076B00060F3060323F080038DF804309DF8053055
:1076C00003F0FE0323F002038DF805300198FFF765
:1076D000CDFE680180B22146FFF79EFE9DF8053081
:1076E00043F002038DF805309DF80430112262F357
:1076F00006038DF804300198FFF7B8FE6946202094
:10770000FFF762FF03B030BD2DE9F04782B00746B6
:107710000C4616460023019315228DF8032001091B
:107720006FF03F0261F3C5028DF8072064F38F0309
:10773000ADF8043001AD29460720FFF784FE0E2383
:107740008DF802300DF102010820FFF765FE294691
:107750002020FFF739FF9DF8043013F0020F37D1D6
:107760007CB34FEAD708013CA4B24FF001090025D1
:107770000DF1030A4846FFF7D7FD2846FFF7D4FD71
:107780002846FFF7D1FD51460820FFF7F7FD484690
:10779000FFF7CAFD4846FFF7C7FD2846FFF7C4FDBF
:1077A0002846FFF7C1FD31463846FFF7E7FD46445E
:1077B0004846FFF7B9FD013CA4B24FF6FF739C4267
:1077C000D8D10020FFF7B0FD002002B0BDE8F0875F
:1077D00003F00100C0F57040423080B2F5E72DE9BA
:1077E000F04F85B080460C46924600230393142246
:1077F0008DF80B2001096FF07F0261F3C5028DF84F
:107800000F2064F38F03ADF80C3003AD2946072039
:10781000FFF719FE0E238DF80A300DF10A0108203A
:10782000FFF7FAFD29462020FFF7CEFE9DF80C3029
:1078300013F0020F40D1ACB34FEAD809013CA3B218
:1078400001931C465746012600250DF10B0B3046CF
:10785000FFF76AFD2846FFF767FD2846FFF764FD3E
:1078600059460820FFF78AFD3046FFF75DFD304698
:10787000FFF75AFD2846FFF757FD2846FFF754FD4E
:1078800039464046FFF752FE4F443046FFF74CFD65
:10789000013CA4B24FF6FF739C42D8D1CA44019B6D
:1078A00009FB03AA00248AF800402046FFF73CFDAC
:1078B000204605B0BDE8F08F03F00100C0F5704030
:1078C000423080B2F5E7000010B502460C464FF09A
:1078D0007E511020FDF788F9024B1860024B1C7096
:1078E00010BD00BF482200200000002030B585B048
:1078F0000D464FF470430B803B4B1B78012B03D09C
:10790000032B1AD005B030BD11238DF808304FF08D
:107910000004ADF80C40FFF721FD02A90520FFF798
:1079200061FD9DF80C307E2262F306038DF80C3069
:107930000398FFF79BFD2C80E4E711238DF80330BB
:107940004FF00003ADF8043000230293274B4FF0B3
:1079500000041C80FFF702FD0DF103010520FFF775
:1079600041FD9DF804307E2262F306038DF8043059
:107970000198FFF77BFD03AA01211220FFF73BFED0
:10798000039B43F4004343F00703039303AA01213D
:107990001220FFF787FE9DF80B3043F080038DF82F
:1079A0000B3002AA01213120FFF77CFE9DF80B303D
:1079B000022262F305138DF80B309DF8083043F076
:1079C00001038DF8083002AA01213120FFF76AFE79
:1079D0009DF804307C2262F306038DF80430019890
:1079E000FFF744FD2C808DE700000020442200209A
:1079F00030B587B00C460388102B1AD04288042A71
:107A000001D0012B1CD8002323800423638003882A
:107A1000162B00F29780DFE803F01739479595950C
:107A2000959595959595959595954F59636D778114
:107A30008B004388182BE6D04FF202030B8086E0C0
:107A40004FF202030B8082E0428812F00F0318BF4E
:107A5000012303EB12130233638043881D46012088
:107A6000FFF762FC0120FFF75FFC0020FFF75CFCE2
:107A70000020FFF759FC211D2846FFF757FD012084
:107A8000FFF752FC0020FFF74FFC60E0428812F045
:107A90000F0318BF012303EB121302336380211D70
:107AA0004088FFF791FD52E0221D01210220FFF7DF
:107AB000A2FD002323804AE0221D06211020FFF7AB
:107AC0009AFD002323800E23638040E06A4606214E
:107AD0001020FFF790FD059B63600023238036E0B4
:107AE0006A4606211020FFF786FD049B6360002391
:107AF00023802CE06A4606211020FFF77CFD039BC3
:107B000063600023238022E06A4606211020FFF7ED
:107B100072FD029B63600023238018E06A46062101
:107B20001020FFF768FD019B6360002323800EE0B7
:107B30006A4606211020FFF75EFD009B636000236C
:107B4000238004E04FF4704323800223638007B056
:107B500030BD30B587B004460D460388102B18D0D1
:107B60004288042A01D0012B1BD800232B802388B4
:107B7000162B00F28680DFE803F0181D84848484CD
:107B800084848484848484848484222A3948576643
:107B900075004388182BE8D04FF202030B8007B022
:107BA00030BD4FF202030B80F9E7211D6088FFF71B
:107BB00019FCF4E7211D6088FFF72EFCEFE7221D7A
:107BC00006211020FFF76EFD00232B80E7E76A46B1
:107BD00006211020FFF70FFD636805936A46062112
:107BE0001020FFF75FFD00232B80D8E76A460621AF
:107BF0001020FFF700FD636804936A4606211020F9
:107C0000FFF750FD00232B80C9E76A4606211020AC
:107C1000FFF7F1FC636803936A4606211020FFF723
:107C200041FD00232B80BAE76A4606211020FFF7AA
:107C3000E2FC636802936A4606211020FFF732FDDA
:107C400000232B80ABE76A4606211020FFF7D3FC08
:107C5000636801936A4606211020FFF723FD002385
:107C60002B809CE76A4606211020FFF7C4FC63685E
:107C700000936A4606211020FFF714FD00232B8095
:107C80008DE74FF470432B8089E738B545684FF294
:107C900002030B806B1E1F2B00D938BD0C4601461A
:107CA0000920FFF7D0FB15F0030F14D015F0010FDA
:107CB00004F1040219BFA9B20820C5F34F01102036
:107CC000FFF78DFD2080638860B90135C5F34F054E
:107CD0002B446380E1E7221DC5F38F012020FFF7CD
:107CE0007EFDEFE70025F3E770B546684FF202032B
:107CF0000B8002234B80731E1F2B00D970BD0546DD
:107D00000C4601460920FFF79EFB16F0030F0DD02D
:107D100016F0010F05F1080219BFB1B20820C6F331
:107D20004F011020FFF7F0FC2080E7E705F1080283
:107D3000C6F38F012020FFF7E7FC2080DEE700007C
:107D400030B583B00C464388042B04D04FF20200B8
:107D5000208003B030BD436802881546AAB9028965
:107D6000042AF3D1D0F80A101846FFF771FC01AAD3
:107D700001211120FFF73FFCFFF7AAFA63880028D2
:107D80002A4618BF0022154604E0022A05D04B8877
:107D9000002005462B446380DAE7C1680289154656
:107DA000042A16D0082AD1D14289042ACED11846F5
:107DB000FFF74EFC0E4A06211020FFF71CFC0C4A70
:107DC000136863605368A360FFF782FA6B081D466F
:107DD000D4E74289042AB9D11846FFF739FC044A8E
:107DE00006211020FFF707FC014B1B686360EBE7DF
:107DF0004C22002030B583B0054680F47F4383F0E9
:107E0000FF03ADF80630224B1B6813F0200F03D0A0
:107E10001F4B5B68ADF806301D4B5D601A4613685A
:107E200013F0800FFBD04FF4FA70FCF78BFC184C6A
:107E3000236813F0200F03D1FCF7BCFC0028F7D017
:107E4000FCF7B8FC18B9124B5B68ADF80630BDF80A
:107E500006309D420FD14FF4FA70FCF773FC0C4CC6
:107E6000236813F0200F03D1FCF7A4FC0028F7D0FF
:107E7000FCF7A0FC18B14FF6FF7003B030BD044B07
:107E8000586880B2401B18BF4FF0FF3080B2F4E753
:107E90000038014070B588B00446554BD3F804183B
:107EA000544B93FAA3F3B3FA83F39B000F2202FA25
:107EB00003F321EA03014F4A92FAA2F2B2FA82F2E4
:107EC0009200042393400B434B4A92FAA2F2B2FA77
:107ED00082F292000F2101FA02F223EA02034649DC
:107EE00091FAA1F1B1FA81F1890009228A401A437D
:107EF000414B93FAA3F3B3FA83F39B00032101FAF6
:107F000003F322EA03023C4991FAA1F1B1FA81F1AB
:107F1000890003238B401343374A92FAA2F2B2FA44
:107F200082F29200042101FA02F223EA0203324AA9
:107F300092FAA2F2B2FA82F22D4D920001FA02F206
:107F40001343C5F804380DEB0106304600F02EFD52
:107F500001942A4CE36823F40053E3603146204641
:107F600000F0C8FCE36843F40053E360D5F804185C
:107F7000234B93FAA3F3B3FA83F39B000F2202FA85
:107F800003F321EA03011E4B93FAA3F3B3FA83F33D
:107F90009B0009229A400A43194B93FAA3F3B3FAC0
:107FA00083F39B00032101FA03F322EA030214493D
:107FB00091FAA1F1B1FA81F1890003238B401343B7
:107FC0000F4A92FAA2F2B2FA82F29200042101FA66
:107FD00002F223EA0203C5F8043805F58832536833
:107FE00023F0E06343F0C063536008B070BD00BF8E
:107FF00000000140040004040200020400380140B3
:108000000100010470B50E4603220B210120FCF78C
:1080100065FB01220B211046FCF760FB064C4FF478
:10802000006565613220FCF7BBFB25613220FCF75F
:10803000B7FB0023338070BD000C014010B50C4627
:1080400003220B210120FCF749FB0023238010BDF4
:108050002DE9F843884605684668B5F5803F05D0A8
:1080600086B1841DAB199946492623E0841D4EB183
:1080700034F8020FC0B2FFF7BDFE013E23D0002846
:10808000F6D020E000201EE0C5F30720FFF7B2FE87
:10809000B8B9E8B2FFF7AEFE98B90135F8B2FFF70C
:1080A000A9FE0346003818BF0120404280B24D456A
:1080B00009D043B934F8027F3046FFF79BFE002811
:1080C000E2D04FF6FF70A8F80000BDE8F88300008A
:1080D0002DE9F04F83B08A464568002D46D00668EA
:1080E0008B1C9B46731901933446C6F101064FF071
:1080F0004A0935194846FFF77DFE68B14FF6FF770C
:10810000AAF8007005F0010303EB55030233AAF847
:10811000023003B0BDE8F08FC4F30720FFF76AFE1A
:108120000028EBD1E0B2FFF765FE07460028E5D155
:108130004FF4FA70FCF706FBDFF83480D8F8003013
:1081400013F0200F03D1FCF735FB0028F6D0FCF725
:1081500031FB0028D2D10134054B5B685A4622F826
:10816000023F9346019B9C42C3D1C9E72F46C7E714
:1081700000380140044B1B681A681968891A81424B
:10818000FBD47047041000E0848100088269C36951
:10819000012424051D68154025431D607047826930
:1081A000C369062424051D68154025431D607047DA
:1081B00072B6FEB5476806682025ED1BAE40FFF796
:1081C000E5FF026A20231B0213608268C36A1C68F1
:1081D0001D682D1B9542FBD4361C04D4026A202353
:1081E0001B02136003E0426A20231B021360C26873
:1081F000C36A1C681D682D1B9542FBD4426A20236C
:108200001B0213600269C36A1C681D682D1B95421E
:10821000FBD47600013FD4D162B6FFF7C0FFFEBCAD
:1082200001BC004772B6FEB547680026FFF7B7FFEE
:10823000026A20231B0213608268C36A1C681D68DF
:108240002D1B9542FBD4426A20231B021360426916
:10825000C36A1C681D682D1B9542FBD4826A0123EA
:108260001268520B1A40760016434269C36A1C68B2
:108270001D682D1B9542FBD4013FD9D162B6066023
:10828000FEBC01BC00470000000000000000000030
:1082900000000000000000000000000000000000DE
:1082A00000000000000000000000000000000000CE
:1082B00000000000000000000000000000000000BE
:1082C00000000000000000000000000000000000AE
:1082D000000000000000000000000000000000009E
:1082E000000000000000000000000000000000008E
:1082F000000000000000000000000000000000007E
:10830000F0B58BB08008800002300890069192088A
:1083100007928449CA680B691E688D6835430095C9
:10832000012517686FF3000702972F4303975769DA
:108330006FF3000704972F4305972D020A9500BF9E
:108340000A9D079FBD4200DD3D1C09957F1B0797D5
:108350006F000537078002305024069F10C0076069
:10836000AD007F19069700BFAFF30080AFF3008028
:1083700002270430D060576011629761039C14603B
:10838000C0465F797F06FCD4C04680241C7320273A
:108390001F73A0241C74C046C046C0465C791F737E
:1083A0001F74A4095D791F731F746D092C43009F0E
:1083B0001F60059F57615768002FFCD1C046029F80
:1083C0001760049F57611E60032C40D102270D1DCA
:1083D000D060576015629761039C14605F797F06D7
:1083E000FCD4C04680241C7320271F73A0241C7457
:1083F000C046C046C0465C791F731F74A4095D79EE
:108400001F731F746D092C43009F1F60059F5761E8
:108410005768002FFCD1C046029F1760049F576128
:108420001E60A4B9C046C046099F013F09979FD16D
:1084300008980FB4FBF727FF00280FBC07D1079F50
:1084400007B17DE740400BB0F0BC02BC0847FF20FD
:108450000BB0F0BC02BC0847F0B587B08908314FBB
:10846000FA683B691E68BD6835430095BF69069789
:10847000012517686FF3000702972F430397576989
:108480006FF3000704972F43059700BFAFF30080F9
:1084900002271062043097615F797F06FCD4802543
:1084A0001D7320271F73A0241C74C046C046C046FD
:1084B0005C791F731F741D7364085D791F731F74CB
:1084C0002C436FF3C714009F1F60059F5761976986
:1084D000002FFCD18025069F3F882F40FBD1049FB1
:1084E00057611E60592C08DD0139D1D180251D74DA
:1084F000404007B0F0BC02BC084780251D74FF2037
:1085000007B0F0BC02BC0847167CA69B018404009F
:108510000000808044000240040C014014600040D0
:108520000838004008850008013AFDD17047FEB5C3
:1085300010270668F603C268A0231370C046C269FC
:10854000FFF7F2FF026952789209026952789209A4
:10855000151C826820231370C0464268FFF7E4FFB1
:10856000026952789209026952789209C046C2683B
:1085700020231370760003D582688023137004E0F3
:10858000C26880231370C046C0464268FFF7CCFF24
:108590000269527892091643826820231370026997
:1085A000527892094268FFF7BFFF02695278920938
:1085B000013FDCD10660281CFEBC02BC0847F0B5B8
:1085C00084682568C769C268A023137080263602B4
:1085D0008022164336042E43426AFFF7A5FF026944
:1085E000527892092660111C0023426813800123EF
:1085F00006683688DE41FBD5026B20231370012309
:10860000426816882560D9412DD47E80C268A02397
:108610001370802636028022164336042E431D2313
:108620001B021343026A012A03D1826A002A00D185
:108630000023266042681380012306683688DE41E5
:10864000FBD5026B20231370012342681688256036
:108650003E800437426BFFF767FF026A013A02620D
:10866000B1D1002009E0002E04D1C26A013AC262F1
:1086700000D0A8E7012000043043F0BC02BC08474A
:10868000F0B584682568C769C268A0231370802686
:1086900036028022164336042E43426AFFF744FF17
:1086A0000269527892092660111C1C231B02802249
:1086B000134342681380012306683688DE41FBD5E8
:1086C000026B202313700123426816882560D9416C
:1086D0005DD4C268A0231370802636028022164320
:1086E00036042E4326607B88426813800123066887
:1086F0003688DE41FBD5026B2023137001234268CC
:1087000016882560C268A023137080263602802256
:10871000164336042E4326603B88426813800123AB
:1087200006683688DE41FBD5026B202313700123D7
:108730004268168825600437426BFFF7F5FE026A2F
:10874000013A0262A0D1C268A023137080263602CB
:108750008022164336042E43426AFFF7E5FE026983
:10876000527892092660111C00234268138001236D
:1087700006683688DE41FBD5026B20231370012387
:10878000426816882560D94108D4002010E0002EE8
:108790000BD1C26A013AC26207D075E7002E04D13C
:1087A000C26A013AC26200D0CDE701200004304322
:1087B000F0BC02BC08477047034B5B68C3F303136C
:1087C000024AD35CD84070470010024000B800084D
:1087D000034B5B68C3F30223024AD35CD840704763
:1087E00000100240F8B70008034B5B68C3F3C223D4
:1087F000024AD35CD840704700100240F8B7000826
:108800000B4B5B6813F4803F08D10A48084B5B6848
:10881000C3F38343023303FB00F07047044B5B68F0
:10882000C3F3404301330448B0FBF3F0EEE700BF6D
:108830000010024000093D0000127A0008B5054B07
:108840005B6803F00C03082B01D0034808BDFFF759
:10885000D7FFFBE70010024000127A0038B504464B
:10886000FFF7ECFF2060FFF7A7FF05466060FFF70A
:10887000AFFFA0602846FFF7B7FFE06038BD036890
:1088800013F0400F27D110B402680B684C682343E3
:108890008C682343CC6823430C6923434C692343EE
:1088A0008C692343CC6923430C6A234322F47F421F
:1088B00022F0BF02134303604268CB8A22F0040215
:1088C000134343600B6AB3F5005F04BF8B8C0361F5
:1088D000002010BC704701207047002303604360F4
:1088E0008360C360036143618361C36103620723E3
:1088F00043627047C36813F4005F01D001207047E2
:1089000030B585B004460D46C2684B68C9680B4354
:1089100029690B4322F4B05222F00C021343C360C6
:10892000036923F44053AA6813430361436923F4A2
:1089300040736A69134343616846FFF78FFF174B23
:108940009C4208D0164B9C4224D0164B9C4223D00C
:10895000012005B030BD039B002BF9D02A68002A06
:10896000F6D003EB830303EB83039200B3FBF2F334
:108970000D49A1FB03025209642000FB12331B01C5
:108980003233A1FB0313120102EB53139BB2A3601A
:108990000020DEE7029BDFE7029BDDE700380140B5
:1089A00000440040004800401F85EB514FF416532F
:1089B0000360002343608360C3600C220261436153
:1089C00070470000014B1860704700BF0400002092
:1089D000404B984218D03F4BD3F8802022F0010240
:1089E000C3F880200022C3F88020C3F88420C3F895
:1089F0008820C3F88C200139062923D8DFE801F04C
:108A00002E3C4957651A1E0001291DD0022929D084
:108A1000032934D0042940D005294CD00629DAD1C5
:108A20002C4BDA6E22F00102DA660022DA661A674F
:108A30005A679A674FF48013436011E04FF08073D8
:108A400043600DE001207047224B9A6822F001023A
:108A50009A6000229A60DA601A615A6101234360C9
:108A6000002070471B4BDA6922F00102DA61002214
:108A7000DA611A625A629A6210234360F0E7154B7A
:108A80001A6B22F001021A6300221A635A639A6376
:108A9000DA634FF480734360E2E70E4B5A6C22F0C6
:108AA00001025A6400225A649A64DA641A654FF427
:108AB00080534360D4E7074B9A6D22F001029A6518
:108AC00000229A65DA651A665A664FF4803343606D
:108AD000C6E700BF0000024010B5134B0B4413F86B
:108AE00001CC00EB0C0150F80CE09368D4682343F0
:108AF000146923435469234394692343D46923436A
:108B0000546A23436FF30E1E43EA0E0340F80C3001
:108B10005368CB6013688B604B686FF30F03126A66
:108B200013434B60002010BD10B800080023036001
:108B300043608360C360036143618361C361036217
:108B400043627047817841B108B543780BB100208A
:108B500008BD007800F0E6FDFAE700207047437892
:108B6000CBB900B583B0826862B100294FF0000331
:108B700000930B4608BF00228178007800F0F2FDD8
:108B800003B000BD00920B4600F10C028178007822
:108B900000F0BAFEF4E700207047000008B5012895
:108BA00007D80B782BB10E4A1354012B0BD00120A0
:108BB00008E04FF0E023D3F8F03D13F0010F00D0B0
:108BC00000BE002008BD00F0D5FB0028FAD14FF010
:108BD000E023D3F8F03D13F0010FF3D000BEF1E72E
:108BE00064220020037813F0050F09D1037813F0F5
:108BF000050F05D1037843F004030370012070478B
:108C0000002070470346027802F00502042A0CBFD8
:108C10000120002000D070471A7802F0FB021A7081
:108C2000F9E730B515461C46039BBDF810C09C44BF
:108C3000634510D3012030BD93F802E00EF00F021F
:108C40004FEADE1E01EB420202F80E0093F800E04C
:108C500073449C45EED993F800E09E44F445E9D373
:108C600093F801E0BEF1050FE6D0BEF1040FEDD19F
:108C700093F803E0BEF1000FE8D193F802E0A645B7
:108C800002D205F80E00E1E74FF0E023D3F8F03D03
:108C900013F0010F00D000BE0020CCE710B5044651
:108CA0000298BDF80C2000B10AB9002010BD617017
:108CB000014604F10C0000F005F9049BA3600120BB
:108CC000F4E7828AC38A9A421BD110B5044619B1CF
:108CD0008388013B0B4201D0002010BDFFF732FF1B
:108CE0000028FAD000212046FFF739FF0028F4D1F0
:108CF0004FF0E023D3F8F03D13F0010FEDD000BEAC
:108D0000EBE70020704738B50446838AC18A028A9F
:108D10008B42AEBF5B1AC1EB42015B189BB29A4219
:108D200028BF1A460AB9002038BDFFF70BFF0028FC
:108D3000F9D0A168A9B10023E28804F10C0000F089
:108D4000B2F905462946EDB12046FFF708FFB8B94C
:108D50004FF0E023D3F8F00D10F00100E4D000BE96
:108D6000E1E7A38AE28A208A9342AEBF9B1AC2EB54
:108D700040029B189BB2984228BF18460546E1E77F
:108D80002846D1E76378002BCDD1A178207800F078
:108D9000D9FCC8E738B50446104602B938BD0023EF
:108DA00092B204F10C0000F095F90546A38AE28A1C
:108DB000218A9342AEBF9B1AC2EB41029B189BB221
:108DC000A2888B4228BF0B469A4201D98A4202D917
:108DD0002046FFF798FF2846E0E7838AC28A008A88
:108DE0009342AEBF9B1AC2EB40029B189BB29842C3
:108DF00086BFC01A80B20020704738B50446838A07
:108E0000C18A028A8B42AEBF5B1AC1EB42015B187A
:108E10009BB29A4286BFD21A92B2002283889342B2
:108E200001D9002038BDFFF78DFE0028F9D0A28AB5
:108E3000E18A238A8A42AEBF521AC1EB430152181B
:108E400092B2934286BF9B1A9BB20023A2889A4299
:108E500017D8524203EA0200E388984228BF184616
:108E6000014605462046FFF77AFE40B94FF0E02361
:108E7000D3F8F00D10F00100D4D000BED1E72846A1
:108E8000D0E76378002BCCD1A178207800F05AFC91
:108E9000C7E738B50446002392B20C3000F003F95E
:108EA00005462046FFF7A9FF284638BD03460A4479
:108EB00090B2814202D8B0EB430F02DBA0EB43003B
:108EC00080B27047B2F5004F07D80160828083718D
:108ED0000023438103810120704700207047002355
:108EE00043810381704710B582B004467BB193F88B
:108EF00000C06346624507D3088824F8040B614428
:108F0000D21A92B29A42F7D222B902B010BD4FF0F3
:108F1000020CEEE70023019301A802F0B7FBBDF8B5
:108F200004302380F1E700B583B0844608467BB166
:108F300093F800E07346724507D33CF8041B0180A8
:108F40007044D21A92B29A42F7D222B903B000BD4D
:108F50004FF0020EEEE7BCF80030ADF8043001A986
:108F600002F094FBF2E72DE9F04F83B00546084686
:108F7000BDF83060AF88B342A3EB0604B8BF04EB82
:108F80004704A4B2BCB1A74219D3944228BF1446E7
:108F9000B74203D8F61BB6B2B742FBD90D9B002BE4
:108FA00069D0BB1B9AB22B68991994420FD80D9BBC
:108FB0002246FFF798FF204603B0BDE8F08F9F429E
:108FC00094BFDB1BDB199EB26E813C46DDE7E71BDD
:108FD00037441FFA87FB0D9B1F787B42904602EABD
:108FE00003060D9B32468A468146FFF77CFF09EB5C
:108FF0004603994618467A1E43461A4012F0FF026D
:1090000037D0B91A89B2594528BF5946C8B2534614
:10901000334401AF03EB020E3E4613F801CB06F8D2
:1090200001CB7345F9D168B1D5F800C00CF1FF331D
:10903000BE180138C0B2604413F8017F06F8017B06
:109040008342F9D1CEB20D9B324401A94846FFF7C5
:109050004AFF484604305B469B1B9BB29B462968EF
:1090600031445B46002BA6D00D9B5A46FFF73BFFD1
:10907000A1E72968F5E7BB1B9BB2296831449C42F4
:1090800003D8224602F002FB95E799461A4680462D
:1090900002F0FCFAE71BF21992B2296840464844F4
:1090A00002F0F4FA87E730B583B004469E460389A0
:1090B000B0F80AC0CDF804E0CDF800C0FFF753FFC8
:1090C000054602466189A088FFF7F0FE60812846C8
:1090D00003B030BD2DE9F04F87B000931746002A4A
:1090E00000F0CA8005468B46B0F808804189837934
:1090F000002B31D183888845AEBFA8EB0101C1EBBD
:109100004301414489B28B4240F2BA805B1A9BB260
:10911000934228BF13469FB2AE8846453FD8444687
:10912000A41BA4B2A642FBD9009A002A00F08B80AF
:10913000331B98B22B6819190191B84231D31346E9
:109140003A465846FFF7EFFE3A464146A888FFF7F1
:10915000ADFE2881384690E0808890420DD8171ADD
:109160005B465F44009A002A08BF3B469B460028A6
:1091700000F0838088460746CEE78845AEBFA8EB5F
:109180000103C1EB400343449BB21344B3EB400FD4
:10919000C2DB821A92B2FFF789FE8046BCE74446E2
:1091A000C2E7BE1B2644B6B200990C7863428246E1
:1091B00000EA0309CDF80C900B464A46019958463F
:1091C000FFF7B1FE0BEB49039C461846631E52465F
:1091D000134013F0FF03029307D12968002EB3D088
:1091E000009B3246FFF79FFEAEE71A46E31A9BB29A
:1091F000B34228BF3346DCB2A246009B224405A9F5
:10920000E146FFF790FE4846043005A9019BDDF8D2
:109210000CC06344029A8A1811F801CB03F801CB01
:109220009142F9D14CB1002312F801CB296801F821
:1092300003C00133D9B28C42F6D85246B31A9EB25B
:1092400029685144CAE7331B9BB228682044BB42BB
:1092500004D33A46594602F019FA75E79A461A4677
:10926000594602F013FABE1BA21992B25946514454
:10927000286802F00BFA67E7104607B0BDE8F08FE8
:109280000020FAE708B54B6902490B6101219847B4
:1092900008BD00BF78230020F8B5204B1B78FF2BBA
:1092A00022D0054600241E4F1C4E0BE013D11D4B4F
:1092B000DB6828469847337801345A1CD2B2E1B2B1
:1092C0008A4211D9E2B29A42F0D204EBC4023B685E
:1092D00013EB8203ECD14FF0E023D3F8F03D13F011
:1092E000010F00D000BEF8BD0F4C4C2200212046DB
:1092F00002F0A0F94FF0FF33C4F81B30C4F81F3060
:10930000C4F82330C4F82730C4F82B30C4F82F3009
:10931000C4F83330C4F83730E5E700BF2C23002011
:109320003023002018B800087823002008B520B1A9
:10933000044B187801F0E6FC08BD024B187801F0E8
:10934000EFFCF9E71C0000207047704700207047D1
:109350000020704770477047704703460020187020
:1093600070470000024B187E003818BF012070477C
:1093700078230020F8B5364B1B78FF2B65D10646C5
:109380000F46D1B14C220021324802F053F9324B42
:1093900000221A70314C2046FFF7A1FD083C304BEB
:1093A0001C60304C2046FFF7D8FF2F4B1860237805
:1093B000FF2B0BD000252C461DE04FF0E023D3F807
:1093C000F03D13F0010F28D000BE26E04FF0E0235F
:1093D000D3F8F03D13F0010F1FD000BE1DE014D1F3
:1093E000224B98471F4B1B78013424355A1CD2B2AC
:1093F000E1B28A4214D9E2B29A42F0D21A4B1B6807
:109400005B1902D05B68002BEBD14FF0E023D3F85F
:10941000F03D13F0010F00D000BE00242046F8BD3F
:109420000B4B1E703946304601F0E2F8044640B955
:109430004FF0E023D3F8F03D13F0010FEED000BE63
:10944000ECE7304601F05EFCE8E70124E6E700BF08
:109450001C0000207823002074230020100000202E
:10946000682200202C23002030230020B54900086A
:10947000F0B585B004460F464378023B052B14D85F
:10948000DFE813F00D00060033003C00C100C60009
:109490008D4B1A78FF2A51D000258B4E43E08B4B21
:1094A00000221A755A751A769A75894B1E68002F14
:1094B00040F0EF803368002098470023B2882146AF
:1094C00006F10800FFF706FE0546336801209847BD
:1094D000002D40F0D7804FF0E023D3F8F03D13F09B
:1094E000010F00F0D48000BED1E0784B1B7D002B33
:1094F00000F0CD80754B01229A75D6E7734B1B7D2A
:10950000002B00F0C480714B00229A75CDE7136ADE
:1095100013B161682078984732780135531CDBB26B
:10952000E9B28B420AD9EBB29342F5D205EBC503FF
:10953000684A126812EB8302E9D1EDE7634B9B7D29
:10954000002B2FD00023614A93750193029303935C
:1095500023788DF8043005238DF805305C4B1E68A8
:10956000002F40F0A8803368002098470023B2887D
:1095700001A906F10800FFF7ADFD0546336801209B
:10958000984745B94FF0E023D3F8F03D13F0010FB1
:1095900008D000BE06E03A469DF805109DF804008C
:1095A000FFF7D2FE494B9B7E13F0010F6FD023785B
:1095B0008DF8043003238DF8053063680293444B23
:1095C0001D68002F6ED12B68002098470023AA88C1
:1095D00001A905F10800FFF77DFD04462B68012075
:1095E000984744B94FF0E023D3F8F03D13F0010F52
:1095F0004DD000BE4BE03A469DF805109DF80400A2
:10960000FFF7A2FE43E0344A1378013313704CE7AE
:10961000017911F00F053FF448AFCE092B4B03EB56
:10962000450303EBD11393F82B30274A12789A4263
:109630007FF63BAF03EBC303264A126812EB8302AB
:109640003FF433AFD369002B3FF42FAF1F4B03EB35
:109650004503334493F83B0000F0FA0083F83B00E5
:10966000D3699C46A36862792078E04778B9174BA4
:1096700003EB4503334493F83B2042F0050283F8A3
:109680003B2012E73A4661782078FFF75DFE05B08F
:10969000F0BD0023B288214606F10800FFF71AFD4D
:1096A000054615E70023AA8801A905F10800FFF780
:1096B00011FD044695E70023B28801A906F10800D0
:1096C000FFF708FD05465CE72C23002078230020E7
:1096D00068220020302300207423002008B58B78F6
:1096E00013F0080F0CD18B88C3F30A0393B94FF022
:1096F000E023D3F8F03D13F0010F09D000BE07E0DE
:109700004FF0E023D3F8F03D13F0010F00D000BE7E
:10971000002008BD024B187801F094F9F9E700BF6A
:109720001C00002008B501F00F02CB093B3303EB0E
:109730004203002102481844FFF754FA08BD00BF55
:109740007823002008B501F00F02CB093B3303EB6F
:109750004203002102481844FFF754FA08BD00BF35
:109760007823002030B583B001F00F04C809054606
:109770001D4800EB440000EBD11090F83B0010F0C6
:10978000010F0AD04FF0E023D3F8F03D13F0010FA2
:1097900000D000BE002003B030BD134800EB4400F1
:1097A000284490F83BC04CF0010C80F83BC09DF879
:1097B000180000900D48007801F0C6F90028EAD1A1
:1097C000094B03EB44032B4493F83B2002F0FA02CD
:1097D00083F83B204FF0E023D3F8F03D13F0010F66
:1097E000D9D000BED7E700BF782300201C0000209E
:1097F00000B583B0084BDB8863B1074B197881F063
:10980000FF0101F08001002200921346FFF7AAFF3A
:1098100003B000BD8021F6E77823002030B583B087
:109820000546194B9989DA898C1AA4B2402C28BFB5
:10983000402493F90030002B0CDB914221D0002111
:10984000124800230093234602462846FFF78AFF6A
:1098500003B030BD91420FD00B4B98680B4B984230
:109860000DD034B10028F3D022460146074801F05C
:109870000DFF80210548E4E780210020E1E78021F9
:10988000DFE700210846DCE77823002034230020AE
:1098900000B583B01B498A60B1F806C0634528BF94
:1098A00063468B81BCF1000F19D003B122B1FFF7E1
:1098B000B5FF58B103B000BD4FF0E023D3F8F03D41
:1098C00013F0010F00D000BE0020F3E74FF0E023BB
:1098D000D3F8F03D13F0010FECD000BEEAE762468A
:1098E000CDF800C063468021FFF73CFF0028E1D19E
:1098F0004FF0E023D3F8F03D13F0010FDAD000BEB3
:10990000D8E700BF7823002030B583B001F00F0402
:10991000C80905461D4800EB440000EBD11090F843
:109920003B0010F0010F0AD04FF0E023D3F8F03DD8
:1099300013F0010F00D000BE002003B030BD13486B
:1099400000EB4400284490F83BC04CF0010C80F838
:109950003BC09DF8180000900D48007801F01CF9FC
:109960000028EAD1094B03EB44032B4493F83B2036
:1099700002F0FA0283F83B204FF0E023D3F8F03DE9
:1099800013F0010FD9D000BED7E700BF7823002025
:109990001C00002001F00F02044B03EB420303EB19
:1099A000D11191F83B0000F00100704778230020AE
:1099B00010B50C46084B187801F00CF904F00F02B2
:1099C000064B03EB420303EBD41191F83B3043F019
:1099D000030381F83B3010BD1C00002078230020D9
:1099E00010B50C46084B187801F03EF904F00F0250
:1099F000064B03EB420303EBD41191F83B3003F029
:109A0000FC0381F83B3010BD1C00002078230020AF
:109A100001F00F02044B03EB420303EBD11191F869
:109A20003B00C0F34000704778230020AE4B1B780A
:109A3000FF2B00F02C842DE9F04F8BB01024AB4E9F
:109A40000025AB4F09E09DF81C00FFF725FC9DF8B1
:109A500020307B76013C00F0E383D6F80080D8F814
:109A60000030284698472B46B8F8042007A908F18B
:109A70000800FFF718FB8146D8F80030012098470E
:109A8000B9F1000F00F0CC839DF81D30013B072B8E
:109A900000F2ED8301A252F823F000BF479A0008BC
:109AA000BD9A00085BA2000827A200083DA200089A
:109AB000CB9A000895A000084BA200089DF81C0056
:109AC000FFF7EAFBFAF70CFCC4E78A4B1B78002B84
:109AD000C0D0884B1A78013A1A701B78002BB9D184
:109AE000834B01221A75002283F83B2083F83C2027
:109AF0009DF81C900AA911E9030083E803009A600D
:109B0000DA819A811A611B7803F06003602B21D0FF
:109B1000402B32D0764A127802F01F02012A00F060
:109B2000EE81022A00F02A82002A40F0A782202B30
:109B30002ED06F4B5B78092B00F2D781DFE813F052
:109B4000CA01BC01D501AE01D50144003E01D501D9
:109B50004F005A004FF0E023D3F8F03D13F0010F0F
:109B600000D000BE00219DF81C0001F033F88021D8
:109B70009DF81C0001F02EF86CE75D4A5E4B136106
:109B800001214846FAF74CFE00287FF463AFE9E76D
:109B9000574B9B88DAB20F2AE4D81346544A134431
:109BA000DB7E564A1278934207D203EBC303544A32
:109BB000116811EB830102D1D4E7D3D151494C4A4A
:109BC0004846FFF75FFBDFE7DFF8248198F80210D3
:109BD000484600F0D7FF012388F815303AE744499A
:109BE0000B7E8DF81A3001230DF11A024846FFF75B
:109BF0004FFE2FE73E4B93F802801B7E984508D01E
:109C000063B93B4B83F81880B8F1000F18D1FAF70D
:109C100067FB37494846FFF7EBFD1BE70021484645
:109C200000F000FD484601F08FF8DFF8C4A09AF874
:109C300019309B464846FFF72FFB8AF819B0E0E73A
:109C400008F1FF30C0B2FAF7E3FD034610B14278E5
:109C5000022A14D04FF0E023D3F8F03D13F0010FA7
:109C600000D000BE224B00221A764FF0E023D3F83A
:109C7000F03D13F0010F3FF475AF00BE72E71C49D1
:109C8000C2799211C87D62F30000C87503F1090121
:109C90005A8813440493CDF81490A3460C46049BB1
:109CA000A34240F2858094F80080A04443457FD3CE
:109CB00063780B2B6FD0042B06D1049B1B1B9BB22C
:109CC0009A460023039338E05C464FF0E023D3F834
:109CD000F03D13F0010FC5D000BEC3E75C4614E0B1
:109CE00012D1084B3CE000BF1C000020682200207D
:109CF0007823002074230020214800082C23002012
:109D00003023002018B800085C464FF0E023D3F859
:109D1000F03D13F0010FA5D000BEA3E75C464FF065
:109D2000E023D3F8F03D13F0010F9BD000BE99E77C
:109D30005C4633E0039B013303939DF80C90A34BE7
:109D40001A78531CDBB24B4527D94A45C8D99DF830
:109D50000C209F4B1B68242101FB0233002BBDD03C
:109D60001B69524621460598984780460828E1D944
:109D70008245DFD3974A019000941023D1184846BA
:109D8000FEF74FFF0028C9D0A044904B1B78013349
:109D9000DBB24B45CCD9444681E75C464FF0E0232B
:109DA000D3F8F03D13F0010F3FF45CAF00BE59E76C
:109DB000DDF814905C46FAF789FA2AE7864B588852
:109DC000030AC0B25A1E0E2A00F26281DFE812F0C6
:109DD0000F002F004C00600160015A002F0060014D
:109DE0006001600160016001600160012300FAF719
:109DF0000BFD024628B1122377494846FFF748FD7C
:109E0000C2E64FF0E023D3F8F03D13F0010F3FF42A
:109E1000A9AE00BEA6E6FAF7FFFC024600283FF412
:109E2000A1AE43886C494846FFF732FDACE6022BF1
:109E30000BD0FFF78DFA024600283FF493AE53880B
:109E400065494846FFF724FD9EE6FAF7E1FC024625
:109E50000028F4D14FF0E023D3F8F03D13F0010FC8
:109E60003FF480AE00BE7DE65B4B9988FAF7F4FCC8
:109E7000024600283FF476AE037857494846FFF77C
:109E800007FD81E6FFF762FA024600283FF46AAE5A
:109E9000037851494846FFF7FBFC75E64E4B5B885B
:109EA000012B7FF45FAE4C49CB7D43F00203CB75B1
:109EB0004846FFF79DFCCDE5474B5B88012B7FF4BF
:109EC00051AE4549CB7D23F00203CB754846FFF7E1
:109ED0008FFCBFE54049CB7DADF81A3002230DF170
:109EE0001A024846FFF7D4FCB4E54FF0E023D3F85C
:109EF000F03D13F0010F3FF435AE00BE32E6364BB5
:109F00009B88DAB20F2A3FF62DAE1346324A13442D
:109F1000DB7E2E4A1278934221D203EBC3032C4AF4
:109F2000116811EB83013FF41DAE2B4A4846FFF741
:109F3000A9F900287FF48EAD274B1B7813F0600F32
:109F40007FF410AE244B18615B780A2B0BD00B2BDF
:109F50007FF408AE20494846FFF74AFC7AE57FF4D3
:109F600001AE1E49E1E700238DF81A3001230DF1FF
:109F70001A0219494846FFF78BFC6BE5164A11791E
:109F800011F0080F18D101F00F00134A02EB400244
:109F900002EBD11292F82B200C48007882421FD29B
:109FA00002EBC2020A48006800EB8208EBB1B8F18C
:109FB000000F3FF4D7AD2EE04FF0E023D3F8F03D93
:109FC00013F0010F3FF4CEAD00BECBE52C230020F3
:109FD00030230020932300207823002018B80008A5
:109FE00040F05081ABB9DFF8A882AA4B5B7803F050
:109FF000FD02012A15D0BBBB4846FFF709FDADF8AD
:10A000001A0002230DF11A02A2494846FFF740FC4C
:10A0100020E5DFF87C829F4A41464846FFF732F947
:10A02000B2E59C4A528822B9012B19D04846FFF765
:10A03000BFFCB8F1000F3FF40DAD964A41464846CB
:10A04000FFF720F90023934A136192F83C3013F094
:10A05000010F7FF4FFAC11464846FFF7C9FBF9E456
:10A060004846FFF7BDFCE4E74FF0E023D3F8F03DAE
:10A0700013F0010F3FF476AD00BE73E54FF0E0231F
:10A08000D3F8F03D13F0010F3FF46CAD00BE69E56D
:10A09000002079E59DF8201001F00F004FEAD11C57
:10A0A00007EB400303EBD11393F83B2002F0FA02D5
:10A0B00083F83B20D8B1774B03EB4003634493F81C
:10A0C0002B30754A1278934280F09F8003EBC303D4
:10A0D000724A126812EB830300F09A80D3F818805A
:10A0E000099B9DF821209DF81C00C047B2E49DF813
:10A0F0001C309A46DDF82490664BDB88002B4BD051
:10A10000644B93F8008088F0FF0808F08008414510
:10A1100045D0604B93F90030002B12DB5D4B986803
:10A1200000283FF497AC1A469B89D2899B1A99451F
:10A1300028BF99465A4B984203D04A46194601F027
:10A14000A5FA544AD3894B449BB2D38191684944C0
:10A150009160D2889A4202D0B9F13F0F45D84D4B59
:10A160001B692BB14B4A022150469847002833D037
:10A1700000220092134641465046FFF7F3FA0028AA
:10A180007FF468AC4FF0E023D3F8F03D13F0010FFB
:10A190003FF460AC00BE5DE44FF08008B7E7B9F172
:10A1A000000F09D04FF0E023D3F8F03D13F0010F7A
:10A1B0003FF450AC00BE4DE4DFF8D8804146504635
:10A1C00000F02EFCD8F81030002B3FF443AC424690
:10A1D0000321504698473DE40146504600F0FAFC02
:10A1E0008021504600F0F6FC34E45046FFF716FBA1
:10A1F00000287FF42FAC4FF0E023D3F8F03D13F0AC
:10A20000010F3FF427AC00BE24E401D1204B65E7E9
:10A210004FF0E023D3F8F03D13F0010F00D000BE63
:10A220000BB0BDE8F08F3B7D002B3FF413AC194B16
:10A23000D87DC0F34000FFF78DF80BE43B7D002B89
:10A240003FF408ACFFF787F804E4089B002B3FF4C9
:10A2500001AC09989847FFF7FDBBBB7E13F0010FD7
:10A260003FF4F8AB0898FFF770F8FFF7F3BB4FF037
:10A27000E023D3F8F03D13F0010F3FF4EBAB00BE49
:10A28000FFF7E8BB002B7FF46DAC9846ADE6704756
:10A2900018B80008782300202C2300203023002049
:10A2A000342300202DE9F04100F00F064FEAD01EC4
:10A2B00000230EF1020C214CA444651C8EF0010712
:10A2C00011E0984601291CD014F82320FF2A01D060
:10A2D000B24205D115F82320FF2A19D08A4217D09F
:10A2E0000133082B1ED0D8B21CF82320002AE8D056
:10A2F00015F823208A42F3D114F82320B242EFD17B
:10A3000019E004EB83023A449278002AE8D1DBE7B3
:10A310000A4B03F8286003EB880359707344012249
:10A320009A7008E04FF0E023D3F8F03D13F0010FEE
:10A3300000D000BE0020BDE8F08100BFC82300208F
:10A3400010B582B00C460DF106020DF1070100F0C8
:10A350004DFD03460F4A1088C1188AB240EA0141F8
:10A36000002C18BF084613449BB2002C18BF1A4695
:10A37000084B1A80B2F5007F01D802B010BD4FF033
:10A38000E023D3F8F03D13F0010F00D000BE4FF6EC
:10A39000FF70F2E7C423002070B5204B0022A3F821
:10A3A0004C201F4B03F12000FF21197059709A7047
:10A3B000DA7004338342F8D140241A4B1C80002108
:10A3C0000846FFF76FFF00218020FFF76BFF164B59
:10A3D0009C8100259D739C839D7729462046FFF72D
:10A3E000AFFF86B229462046FFF7AAFF0F4B1E811A
:10A3F00018800A4E348808220121284600F00AFD00
:10A4000024F40F4323F08F0383F4085383F02003D5
:10A4100033808023A6F84C3070BD00BF005C004044
:10A42000C8230020C4230020E8230020006000404F
:10A430002DE9F04383B007460E46B0F80AE00589DF
:10A44000A5EB0E05ADB283899D4228BF1D46354B55
:10A4500033F8218048F4004444F0800408F4C068D4
:10A46000B8F5806F0CBFC4F380130023994603EB4B
:10A4700041032D4A32F833C04FEA4C0C0CF1804CAA
:10A480000CF5C04C4068002844D06B460022009276
:10A49000019202228DF800202A466146FEF703FE53
:10A4A0007B892B447B8109EB4603DB0003F180436E
:10A4B00003F5C0439A8802F47C42C5F309051543AD
:10A4C0009D8084F03004B8F5806F04BF0123FB73D6
:10A4D00024F4E04424F04004A4B2144B4FF40021CF
:10A4E000C3F88010BFF34F8FBFF36F8F4FF480120C
:10A4F000C3F88020BFF34F8FBFF36F8F094820F858
:10A500002640BFF34F8FBFF36F8F19601A6003B0FF
:10A51000BDE8F083396803462A4671446046FEF779
:10A52000E2FCBDE7005C00400060004000E100E0AC
:10A5300070B50B4602EB4100294901EB00118D7B00
:10A54000012A3BD0274931F8251021F4804424F01A
:10A55000700444F4004444F0800402EB4302204BB6
:10A5600003EB02131A899B899A4228BF1A4601F409
:10A57000C061B1F5806F28D00121284600F04AFC67
:10A5800084F44054184B4FF40021C3F88010BFF3FB
:10A590004F8FBFF36F8F4FF48012C3F88020BFF34B
:10A5A0004F8FBFF36F8F0F4820F82540BFF34F8FB9
:10A5B000BFF36F8F19601A60012070BD29460B48E8
:10A5C00000EB4310FFF734FFF6E71646002128465C
:10A5D00000F020FC32460121284600F01BFCCFE7AA
:10A5E000E8230020005C004000E100E0F8230020A8
:10A5F00010B5044600F0CEFB094B0022A3F8402022
:10A60000A3F85020B3F8402042F45D42A3F8402064
:10A610002046FFF7C1FE2046FEF79EFE012010BD3A
:10A62000005C004039B1084AB2F8403043F400738E
:10A63000A2F840307047044AB2F8403023F4007367
:10A64000A2F84030704700BF005C00402DE9F04F99
:10A6500089B00446B94BB3F844A01AF4007F04D083
:10A66000B3F8403013F4007F12D11AF4806F24D174
:10A670001AF4805F35D11AF4006F4ED11AF4807F3E
:10A6800076D0AF4B1B78012B63D0002B6BD067E0EB
:10A69000AA4B4FF6FF52A3F84420B3F848300022EB
:10A6A0008DF8142003228DF81520C3F30A030693B6
:10A6B000012105A8FEF7DCFED7E7A04B4FF6FF32DD
:10A6C000A3F844202046FFF767FE00238DF81430DE
:10A6D00001218DF815108DF8183005A8FEF7C8FE79
:10A6E00094E1964BB3F8402022F00402A3F84020F6
:10A6F000B3F8402022F00802A3F840204EF6FF7283
:10A70000A3F8442000238DF8143005238DF815306C
:10A71000012105A8FEF7ACFEADE7884BB3F8402059
:10A7200042F00802A3F84020B3F8402042F00402AF
:10A73000A3F840204FF2FF72A3F8442000238DF8C5
:10A74000143004238DF81530012105A8FEF790FE82
:10A7500094E77A49B1F8402022F01002A1F8402095
:10A76000013B774A1370754B4FF6FF62A3F8442004
:10A77000724FDFF8D0B1CDF804A019E000238DF8B6
:10A78000143006238DF8153003AB93E8030008ABB3
:10A7900003E90300012105A8FEF76AFE04E0082290
:10A7A0000121002000F036FB16F0800F40F0CE8033
:10A7B000B7F94430002B80F21781B7F8445005F008
:10A7C0000F05AC0004F1804404F5B844268816F463
:10A7D000004FE9D016F4006F25D05B4B03EB051357
:10A7E000B3F80C80C8F309081889400000234246DA
:10A7F00003A900F1804000F5C040FEF794FB2388D8
:10A8000023F070031B051B0D43F080032380B8F178
:10A81000080FB3D04FF0E023D3F8F03D13F0010F51
:10A82000BDD000BEBBE7238823F070031B051B0DC2
:10A8300043F080032380B4F8009009F00F0A09F474
:10A84000C0630093B3F5806F06BF89F48043C3F300
:10A850008033012303EB45033B4901EBC302B2F80C
:10A860000480C8F3090831F833C04FEA4C0C0CF1EE
:10A87000804C0CF5C04C0BEB4A135868A8B305ABE1
:10A88000002205925A6002228DF814204246614649
:10A89000FEF720FC0BEB4A12538943449BB25381D1
:10A8A0009289904504D30BEB4A1109898B422AD334
:10A8B0000121284600F0AEFA0BEB4A19B9F80A302C
:10A8C0004FF000088DF8148007228DF815208DF8C0
:10A8D00018A007938DF81980012105A8FEF7C8FD7F
:10A8E000A9F80A80A9F808805EE74FEA4A130BEB43
:10A8F0004A1251895BF80300002342460144604636
:10A90000FEF711FBC6E70098B0F5806F0CD129F473
:10A91000804929F0700949F4004949F0800989F417
:10A920004059A4F800903FE7C91A89B28A4228BF6B
:10A930000A460121284600F06DFAE8E7005C004075
:10A94000C6230020E823002000600040238823F471
:10A95000E14323F070036FEA43436FEA53432380DC
:10A96000238803F00F0203F4C061B1F5806F0DD0AE
:10A97000284B03EB4213598B1B8B8B4222D0294669
:10A98000254800EB4210FFF753FD11E7214901EB89
:10A990004211C97F00293FF40BAF1E4901EB421160
:10A9A0000020C877C3F3801383F0010303EB450352
:10A9B000DB0003F1804303F5C043998801F47C4137
:10A9C0009980D5E700238DF8143007208DF8150005
:10A9D00062F07F028DF8182007918DF8193001215F
:10A9E00005A8FEF745FDE3E6DDF804A01AF4804F64
:10A9F0000CD04FF0E023D3F8F03D13F0010F00D05E
:10AA000000BE064B4BF6FF72A3F8442009B0BDE828
:10AA1000F08F00BFE8230020F8230020005C0040F6
:10AA20000B7813F07F0F00D070474B78052BFBD1CC
:10AA30004B8863F07F03DBB2014AA2F84C30F3E7A6
:10AA4000005C00402DE9F8430C468E788B881F4649
:10AA5000C97801F003013046FFF724FC07284ED8DF
:10AA6000054606F00F029046334B33F8203023F4AE
:10AA70000F4323F08F0342F080021343E27802F089
:10AA80000302022A4FD0032A44D143F406439946D5
:10AA9000F609C7F30A0400212046FFF751FC86F0AF
:10AAA000010303EB4503254A22F8330006EB480374
:10AAB000234A02EB03139C819D73002E37D189F446
:10AAC000005323F070031F4A4FF40020C2F88000A7
:10AAD000BFF34F8FBFF36F8F4FF48011C2F8801018
:10AAE000BFF34F8FBFF36F8F134C24F82530BFF3A4
:10AAF0004F8FBFF36F8F10601160012008E04FF09F
:10AB0000E023D3F8F03D13F0010F00D000BE002089
:10AB1000BDE8F8834FF0E023D3F8F03D13F0010FC8
:10AB2000F5D000BEF3E743F400439946B0E789F05F
:10AB3000200323F4E043C6E7005C004000600040CF
:10AB4000E823002000E100E038B58E461D4601F004
:10AB50000F010B4B4FEA410C0CEBDE1C4FEA0C14BF
:10AB600003EB0C1C1A510022CCF80420ACF808505E
:10AB7000ACF80A204FEADE12FFF7DAFC38BD00BF5E
:10AB8000E823002000B583B0002200921346802104
:10AB9000FFF7DAFF03B000BD70B58E4615461E46BE
:10ABA00001F00F010A4A4FEA410C0CEBDE1C4FEAA0
:10ABB0000C1402EB0C1C00231351CCF80450ACF81D
:10ABC0000860ACF80A304FEADE12FFF7B1FC70BD46
:10ABD000E823002010B501F00F035B0003EBD11355
:10ABE0001E4A02EB031393F80EC01D4B33F82C30B2
:10ABF000C90928D123F4804323F0700343F40043B0
:10AC000043F080030C221446164A4FF4002EC2F87B
:10AC100080E0BFF34F8FBFF36F8F4FF48010C2F807
:10AC20008000BFF34F8FBFF36F8F0121A1404B40D6
:10AC30000B4921F82C30BFF34F8FBFF36F8FC2F851
:10AC400000E0106010BD23F4E04323F0400343F420
:10AC5000004343F0800304221446D5E7E823002094
:10AC6000005C004000E100E000B501F00F035B0074
:10AC700003EBD113204A02EB0313987B1F4B33F8ED
:10AC80002020C9092BD122F0700343F4004343F084
:10AC9000800302F4C062B2F5806F03D00C2102225F
:10ACA0008A405340164A4FF4002CC2F880C0BFF3CC
:10ACB0004F8FBFF36F8F4FF48011C2F88010BFF336
:10ACC0004F8FBFF36F8FDFF834E02EF82030BFF3E3
:10ACD0004F8FBFF36F8FC2F800C0116000BD22F428
:10ACE000E04343F4004343F0800302F4C062B2F552
:10ACF000806FD7D00421D2E7E8230020005C004019
:10AD000000E100E0BFF34F8FBFF36F8F034B4FF4B1
:10AD100000221A604FF480121A60704700E100E0D0
:10AD2000084B4FF40022C3F88020BFF34F8FBFF3CE
:10AD30006F8F4FF48012C3F88020BFF34F8FBFF3A3
:10AD40006F8F704700E100E010B50446FFF7E8FFA1
:10AD50000D4B01220D484FF0000C4FF0000EFF216B
:10AD600020F822C01971597183F806E083F807C0F2
:10AD700001320433082AF3D12046FFF7C3FF044B06
:10AD8000C0221A8010BD00BFC8230020005C004014
:10AD9000C423002082B0144B0322A3F840200023D8
:10ADA0000093009BC72B06D800BF009B0133009384
:10ADB000009BC72BF8D90C4AB2F8403023F00203AD
:10ADC000A2F8403000230193019BC72B06D800BF97
:10ADD000019B01330193019BC72BF8D9024B002241
:10ADE000A3F8442002B07047005C00403E280BD915
:10ADF0001F3040094FF0010C2023C0B281F800C081
:10AE0000107003FB00F07047013040084FF0000C59
:10AE10000223F2E730B583B005460C4610460DF12B
:10AE200006020DF10701FFF7E1FF9DF807309DF8DD
:10AE30000620D21ADB0343EA82239BB2002B08BF11
:10AE40004FF4004304EB4501C90001F1804101F5D5
:10AE5000C0418B8003B030BD08B5244A136823F08D
:10AE6000070343F001031360136843F010031360FA
:10AE7000A2F58052136843F480331360136813F40F
:10AE8000003FFBD01A4A536823F47C1343F4881321
:10AE90005360136843F080731360136813F0007FEE
:10AEA000FBD0134B5A6822F0F0025A605A6822F421
:10AEB000E06242F480625A605A6822F460525A603A
:10AEC0005A6822F0030242F002025A601A4653689E
:10AED00003F00C03082BFAD1054A536843F48003AE
:10AEE00053600448FDF76EFD08BD00BF002002401E
:10AEF00000100240006CDC0282B02E4B9A6942F0D6
:10AF000004029A619B6903F004030193019B2A4B9D
:10AF1000D3F80418294B93FAA3F3B3FA83F39B00F5
:10AF20000F2202FA03F321EA0301244A92FAA2F261
:10AF3000B2FA82F29200012393400B431F4A92FA25
:10AF4000A2F2B2FA82F29200042101FA02F223EA9A
:10AF50000203194AC2F80438194B4FF480525A615F
:10AF600000230093009A174B9A4206D81A46009B7A
:10AF700001330093009B9342F9D90F4BD3F8041887
:10AF80000E4B93FAA3F3B3FA83F39B000F2202FA5A
:10AF900003F321EA0301094B93FAA3F3B3FA83F312
:10AFA0009B00042202FA03F30B43034AC2F804385D
:10AFB00002B0704700100240000001401000100471
:10AFC00000080140BFD40100084B094AC3F8FC2F18
:10AFD000BFF34F8F0749CA6802F4E062064B134380
:10AFE000CB60BFF34F8F00BFFDE700BF00400020E4
:10AFF000401007B000ED00E00400FA0570470000C3
:10B00000FDF7D9FB0B480C490C4A002302E0D45849
:10B01000C4500433C4188C42F9D3094A094C0023A4
:10B0200001E013600432A242FBD300F00BFBF9F7FE
:10B0300075FA704700000020200000203CB800088E
:10B0400020000020E8240020FEE7000080F00040FF
:10B0500002E000BF81F0004142001FBF5FEA4103F0
:10B0600092EA030F7FEA226C7FEA236C6AD04FEAF0
:10B070001262D2EB1363C1BFD21841404840414035
:10B08000B8BF5B42192B88BF704710F0004F40F4E7
:10B09000000020F07F4018BF404211F0004F41F403
:10B0A000000121F07F4118BF494292EA030F3FD0CF
:10B0B000A2F1010241FA03FC10EB0C00C3F12003E2
:10B0C00001FA03F100F0004302D5494260EB400071
:10B0D000B0F5000F13D3B0F1807F06D340084FEADC
:10B0E000310102F10102FE2A51D2B1F1004F40EBD1
:10B0F000C25008BF20F0010040EA03007047490039
:10B1000040EB0000013A28BFB0F5000FEDD2B0FAD5
:10B1100080FCACF1080CB2EB0C0200FA0CF0AABFF8
:10B1200000EBC25052421843BCBFD0401843704796
:10B1300092F0000F81F4000106BF80F4000001329C
:10B14000013BB5E74FEA41037FEA226C18BF7FEA73
:10B15000236C21D092EA030F04D092F0000F08BFB5
:10B160000846704790EA010F1CBF0020704712F09C
:10B170007F4F04D1400028BF40F00040704712F1DB
:10B1800000723CBF00F50000704700F0004343F040
:10B19000FE4040F4000070477FEA226216BF084676
:10B1A0007FEA23630146420206BF5FEA412390EA39
:10B1B000010F40F4800070474FF0000304E000BF2F
:10B1C00010F0004348BF40425FEA000C08BF7047E0
:10B1D00043F0964301464FF000001CE050EA0102A4
:10B1E00008BF70474FF000030AE000BF50EA0102B9
:10B1F00008BF704711F0004302D5404261EB4101A6
:10B200005FEA010C02BF84460146002043F0B643CA
:10B2100008BFA3F18053A3F50003BCFA8CF2083AEF
:10B22000A3EBC25310DB01FA02FC634400FA02FCF8
:10B23000C2F12002BCF1004F20FA02F243EB0200FF
:10B2400008BF20F00100704702F1200201FA02FC61
:10B25000C2F1200250EA4C0021FA02F243EB020054
:10B2600008BF20EADC7070474FF0FF0C1CEAD05298
:10B270001EBF1CEAD15392EA0C0F93EA0C0F6FD059
:10B280001A4480EA010C400218BF5FEA41211ED037
:10B290004FF0006343EA501043EA5111A0FB013123
:10B2A0000CF00040B1F5000F3EBF490041EAD371F8
:10B2B0005B0040EA010062F17F02FD2A1DD8B3F174
:10B2C000004F40EBC25008BF20F00100704790F0E3
:10B2D000000F0CF0004C08BF49024CEA502040EA35
:10B2E00051207F3AC2BFD2F1FF0340EAC2507047FB
:10B2F00040F400004FF00003013A5DDC12F1190F39
:10B30000DCBF00F000407047C2F10002410021FAAA
:10B3100002F1C2F1200200FA02FC5FEA310040F1C2
:10B32000000053EA4C0308BF20EADC70704792F03B
:10B33000000F00F0004C02BF400010F4000F013A73
:10B34000F9D040EA0C0093F0000F01F0004C02BF6E
:10B35000490011F4000F013BF9D041EA0C018FE7DD
:10B360000CEAD15392EA0C0F18BF93EA0C0F0AD0E3
:10B3700030F0004C18BF31F0004CD8D180EA010009
:10B3800000F00040704790F0000F17BF90F0004FA2
:10B39000084691F0000F91F0004F14D092EA0C0F84
:10B3A00001D142020FD193EA0C0F03D14B0218BF17
:10B3B000084608D180EA010000F0004040F0FE405D
:10B3C00040F40000704740F0FE4040F440007047F9
:10B3D0004FF0FF0C1CEAD0521EBF1CEAD15392EA78
:10B3E0000C0F93EA0C0F69D0A2EB030280EA010C68
:10B3F00049024FEA402037D04FF0805343EA111101
:10B4000043EA10130CF000408B4238BF5B0042F15E
:10B410007D024FF4000C8B4224BF5B1A40EA0C0003
:10B42000B3EB510F24BFA3EB510340EA5C00B3EB35
:10B43000910F24BFA3EB910340EA9C00B3EBD10F23
:10B4400024BFA3EBD10340EADC001B0118BF5FEA75
:10B450001C1CE0D1FD2A3FF650AF8B4240EBC2509E
:10B4600008BF20F0010070470CF0004C4CEA50205F
:10B470007F32C2BFD2F1FF0340EAC250704740F4AE
:10B4800000004FF00003013A37E792F0000F00F0A0
:10B49000004C02BF400010F4000F013AF9D040EA1E
:10B4A0000C0093F0000F01F0004C02BF490011F4B2
:10B4B000000F013BF9D041EA0C0195E70CEAD153AA
:10B4C00092EA0C0F08D142027FF47DAF93EA0C0F91
:10B4D0007FF470AF084676E793EA0C0F04D14B0275
:10B4E0003FF44CAF08466EE730F0004C18BF31F027
:10B4F000004CCAD130F000427FF45CAF31F0004321
:10B500007FF43CAF5FE700BF4FF0FF3C06E000BFB9
:10B510004FF0010C02E000BF4FF0010C4DF804CDDC
:10B520004FEA40024FEA41037FEA226C18BF7FEAEC
:10B53000236C11D001B052EA530C18BF90EA010FEE
:10B5400058BFB2EB030088BFC81738BF6FEAE1707D
:10B5500018BF40F0010070477FEA226C02D15FEA19
:10B56000402C05D17FEA236CE4D15FEA412CE1D085
:10B570005DF8040B704700BF844608466146FFE74C
:10B580000FB5FFF7C9FF002848BF10F1000F0FBD2E
:10B590004DF808EDFFF7F4FF0CBF012000205DF827
:10B5A00008FB00BF4DF808EDFFF7EAFF34BF0120AC
:10B5B00000205DF808FB00BF4DF808EDFFF7E0FF45
:10B5C00094BF012000205DF808FB00BF4DF808ED96
:10B5D000FFF7D2FF94BF012000205DF808FB00BFF9
:10B5E0004DF808EDFFF7C8FF34BF012000205DF8DB
:10B5F00008FB00BF42000ED2B2F1FE4F0BD34FF05A
:10B600009E03B3EB126209D44FEA002343F00043D8
:10B6100023FA02F070474FF00000704712F1610FFB
:10B6200001D1420202D14FF0FF3070474FF00000CD
:10B63000704700BF03460244934200D1704703F8AD
:10B64000011BF9E770B500260C4C0D4B1D1BB6EB2A
:10B65000A50F09D10026FFF7D1FC0A4C0A4B1D1B90
:10B66000B6EBA50F05D170BD54F8043B98470136E1
:10B67000EDE754F8043B98470136F1E73CB8000881
:10B680003CB800083CB800083CB800080A449142A5
:10B6900000F1FF3300D1704710B511F8014B914212
:08B6A00003F8014FF9D110BDC0
:10B6A8000000000008000000100000001800000062
:10B6B80020000000280000003000000038000000D2
:10B6C80001AA000004030808070000005458535555
:10B6D8004954452E4F52470062646D746F790000DB
:10B6E80030313233343536373839414243444546B0
:10B6F800000000000A00000000000306A200140079
:10B70800030057494E555342000000000000000056
:10B7180000008400040007002A0044006500760049
:10B7280069006300650049006E00740065007200DE
:10B738006600610063006500470055004900440049
:10B748007300000050007B003800330035003100E2
:10B7580044004300330044002D0041004100320002
:10B7680038002D0034003900340041002D00380025
:10B778003500450045002D004100370035003200F6
:10B7880046003600310046003700310035003700EA
:10B798007D00000000000000050F2100011C1005BD
:10B7A80000DF60DDD88945C74C9CD2659D9E648AC0
:10B7B8009F00000306A2000100000000090220000B
:10B7C800010100C0320904000002FF000000070563
:10B7D8000302400000070581024000001201010237
:10B7E80000000040FFFF0701020201020301000000
:10B7F8000000000001020304000000000000000037
:10B808000102030406070809081C3044586C80002C
:10B8180000000000B5490008054A0008094A000868
:10B82800314A000821480008154B000800000000B4
:04B83800000000000C
:10B83C000100000000127A002D9300080C0000009B
:10B84C006C220020C000000000000000FF0000007F
:00000001FF
